id,response
citzen1,Pretty Happy
citzen100,Pretty Happy
citzen10007,Pretty Happy
citzen10010,Pretty Happy
citzen10023,Pretty Happy
citzen10039,Pretty Happy
citzen10046,Very Happy
citzen1005,Very Happy
citzen10054,Pretty Happy
citzen10057,Pretty Happy
citzen10061,Pretty Happy
citzen10064,Very Happy
citzen10067,Pretty Happy
citzen10072,Pretty Happy
citzen10073,Pretty Happy
citzen10076,Very Happy
citzen10077,Pretty Happy
citzen10079,Pretty Happy
citzen10081,Pretty Happy
citzen10083,Pretty Happy
citzen10084,Very Happy
citzen10093,Pretty Happy
citzen10097,Pretty Happy
citzen10098,Very Happy
citzen10099,Pretty Happy
citzen10100,Very Happy
citzen10101,Pretty Happy
citzen10105,Pretty Happy
citzen1011,Pretty Happy
citzen10111,Pretty Happy
citzen10118,Pretty Happy
citzen10124,Pretty Happy
citzen10129,Pretty Happy
citzen10131,Very Happy
citzen10135,Very Happy
citzen10139,Pretty Happy
citzen1014,Pretty Happy
citzen10147,Pretty Happy
citzen10148,Not Happy
citzen10164,Pretty Happy
citzen10165,Very Happy
citzen10166,Pretty Happy
citzen10169,Pretty Happy
citzen10170,Pretty Happy
citzen10176,Very Happy
citzen10177,Pretty Happy
citzen10178,Pretty Happy
citzen1018,Pretty Happy
citzen1019,Pretty Happy
citzen10199,Pretty Happy
citzen10203,Very Happy
citzen10208,Pretty Happy
citzen1021,Pretty Happy
citzen10212,Very Happy
citzen10215,Pretty Happy
citzen10226,Pretty Happy
citzen10248,Pretty Happy
citzen10250,Pretty Happy
citzen10252,Very Happy
citzen10255,Pretty Happy
citzen1026,Pretty Happy
citzen10262,Pretty Happy
citzen10265,Pretty Happy
citzen10273,Pretty Happy
citzen10276,Pretty Happy
citzen10279,Pretty Happy
citzen10281,Pretty Happy
citzen10283,Pretty Happy
citzen10285,Pretty Happy
citzen10290,Very Happy
citzen10306,Pretty Happy
citzen10316,Very Happy
citzen10321,Pretty Happy
citzen10323,Pretty Happy
citzen10326,Pretty Happy
citzen10330,Pretty Happy
citzen10335,Pretty Happy
citzen10344,Pretty Happy
citzen10363,Very Happy
citzen10366,Pretty Happy
citzen1037,Pretty Happy
citzen10371,Pretty Happy
citzen10387,Pretty Happy
citzen10388,Pretty Happy
citzen10392,Very Happy
citzen10396,Pretty Happy
citzen10397,Pretty Happy
citzen10408,Pretty Happy
citzen10409,Pretty Happy
citzen10410,Pretty Happy
citzen10412,Pretty Happy
citzen10415,Pretty Happy
citzen10420,Pretty Happy
citzen10426,Pretty Happy
citzen10427,Very Happy
citzen10429,Pretty Happy
citzen10430,Pretty Happy
citzen10432,Pretty Happy
citzen10436,Pretty Happy
citzen1044,Pretty Happy
citzen10440,Pretty Happy
citzen10442,Pretty Happy
citzen10445,Pretty Happy
citzen10451,Pretty Happy
citzen10454,Pretty Happy
citzen10457,Pretty Happy
citzen10459,Pretty Happy
citzen10461,Very Happy
citzen10464,Pretty Happy
citzen10470,Pretty Happy
citzen1048,Pretty Happy
citzen10481,Very Happy
citzen10493,Pretty Happy
citzen10505,Pretty Happy
citzen10515,Pretty Happy
citzen10516,Pretty Happy
citzen10527,Pretty Happy
citzen1054,Pretty Happy
citzen10541,Pretty Happy
citzen10544,Pretty Happy
citzen10554,Pretty Happy
citzen10556,Pretty Happy
citzen1056,Very Happy
citzen10563,Very Happy
citzen10568,Pretty Happy
citzen1058,Pretty Happy
citzen10582,Pretty Happy
citzen10585,Pretty Happy
citzen10594,Pretty Happy
citzen10598,Pretty Happy
citzen106,Pretty Happy
citzen10606,Pretty Happy
citzen10609,Pretty Happy
citzen10614,Pretty Happy
citzen10618,Pretty Happy
citzen10623,Pretty Happy
citzen10625,Pretty Happy
citzen10626,Pretty Happy
citzen10629,Pretty Happy
citzen10643,Pretty Happy
citzen10648,Pretty Happy
citzen10653,Pretty Happy
citzen10656,Pretty Happy
citzen10667,Pretty Happy
citzen1067,Pretty Happy
citzen1068,Pretty Happy
citzen10680,Pretty Happy
citzen10681,Pretty Happy
citzen10691,Pretty Happy
citzen10697,Pretty Happy
citzen10703,Pretty Happy
citzen10721,Pretty Happy
citzen10723,Pretty Happy
citzen10726,Pretty Happy
citzen10728,Pretty Happy
citzen10729,Pretty Happy
citzen10733,Pretty Happy
citzen10740,Pretty Happy
citzen10741,Pretty Happy
citzen10744,Pretty Happy
citzen10745,Pretty Happy
citzen10753,Pretty Happy
citzen10756,Pretty Happy
citzen10757,Pretty Happy
citzen10761,Pretty Happy
citzen10767,Very Happy
citzen10769,Pretty Happy
citzen10772,Pretty Happy
citzen10782,Pretty Happy
citzen1079,Pretty Happy
citzen10791,Pretty Happy
citzen10793,Pretty Happy
citzen10809,Pretty Happy
citzen10814,Pretty Happy
citzen10815,Pretty Happy
citzen10816,Pretty Happy
citzen10820,Pretty Happy
citzen10833,Pretty Happy
citzen10835,Pretty Happy
citzen10836,Pretty Happy
citzen10843,Pretty Happy
citzen10855,Pretty Happy
citzen1086,Pretty Happy
citzen10864,Pretty Happy
citzen10869,Pretty Happy
citzen10878,Pretty Happy
citzen10883,Pretty Happy
citzen10884,Pretty Happy
citzen10886,Very Happy
citzen10892,Pretty Happy
citzen10893,Pretty Happy
citzen10895,Pretty Happy
citzen10899,Pretty Happy
citzen109,Pretty Happy
citzen10903,Very Happy
citzen10910,Pretty Happy
citzen10911,Very Happy
citzen10912,Very Happy
citzen10927,Pretty Happy
citzen10931,Pretty Happy
citzen10936,Pretty Happy
citzen10937,Pretty Happy
citzen10942,Pretty Happy
citzen10945,Pretty Happy
citzen10947,Pretty Happy
citzen10949,Pretty Happy
citzen10951,Pretty Happy
citzen10956,Pretty Happy
citzen10966,Pretty Happy
citzen10967,Pretty Happy
citzen10972,Pretty Happy
citzen10979,Very Happy
citzen10987,Pretty Happy
citzen10990,Pretty Happy
citzen10992,Pretty Happy
citzen110,Pretty Happy
citzen11001,Pretty Happy
citzen1101,Pretty Happy
citzen11013,Pretty Happy
citzen11018,Pretty Happy
citzen11027,Pretty Happy
citzen11033,Pretty Happy
citzen11037,Pretty Happy
citzen11038,Pretty Happy
citzen11039,Very Happy
citzen1104,Pretty Happy
citzen11041,Pretty Happy
citzen11042,Pretty Happy
citzen11043,Pretty Happy
citzen11044,Pretty Happy
citzen11048,Pretty Happy
citzen11050,Pretty Happy
citzen11055,Pretty Happy
citzen11063,Very Happy
citzen11064,Pretty Happy
citzen11068,Pretty Happy
citzen1107,Very Happy
citzen11071,Pretty Happy
citzen11079,Pretty Happy
citzen1108,Pretty Happy
citzen11084,Pretty Happy
citzen11088,Pretty Happy
citzen1109,Pretty Happy
citzen11098,Pretty Happy
citzen11099,Pretty Happy
citzen11105,Pretty Happy
citzen1111,Pretty Happy
citzen11110,Pretty Happy
citzen11116,Pretty Happy
citzen11117,Pretty Happy
citzen11120,Pretty Happy
citzen11121,Pretty Happy
citzen11123,Pretty Happy
citzen11125,Pretty Happy
citzen11126,Pretty Happy
citzen11129,Pretty Happy
citzen11131,Very Happy
citzen11132,Pretty Happy
citzen11134,Pretty Happy
citzen11137,Very Happy
citzen11152,Pretty Happy
citzen11162,Pretty Happy
citzen11164,Pretty Happy
citzen11166,Very Happy
citzen1117,Pretty Happy
citzen11174,Pretty Happy
citzen11175,Pretty Happy
citzen11179,Pretty Happy
citzen11184,Pretty Happy
citzen11188,Pretty Happy
citzen11189,Pretty Happy
citzen11190,Pretty Happy
citzen11194,Pretty Happy
citzen11197,Pretty Happy
citzen11204,Pretty Happy
citzen11215,Pretty Happy
citzen1122,Pretty Happy
citzen11220,Pretty Happy
citzen11222,Pretty Happy
citzen11235,Pretty Happy
citzen11239,Very Happy
citzen11243,Pretty Happy
citzen1125,Pretty Happy
citzen11250,Pretty Happy
citzen11255,Pretty Happy
citzen11262,Pretty Happy
citzen11263,Pretty Happy
citzen11264,Very Happy
citzen11267,Pretty Happy
citzen11274,Pretty Happy
citzen11282,Pretty Happy
citzen11288,Pretty Happy
citzen11293,Very Happy
citzen11294,Pretty Happy
citzen11298,Pretty Happy
citzen113,Pretty Happy
citzen11307,Pretty Happy
citzen11315,Pretty Happy
citzen1132,Pretty Happy
citzen11325,Pretty Happy
citzen11327,Pretty Happy
citzen1134,Pretty Happy
citzen11340,Pretty Happy
citzen11342,Pretty Happy
citzen11343,Pretty Happy
citzen11344,Pretty Happy
citzen11348,Pretty Happy
citzen11361,Pretty Happy
citzen11362,Pretty Happy
citzen11365,Pretty Happy
citzen11368,Pretty Happy
citzen11369,Pretty Happy
citzen11371,Pretty Happy
citzen11374,Pretty Happy
citzen11375,Pretty Happy
citzen11379,Pretty Happy
citzen11384,Very Happy
citzen11385,Pretty Happy
citzen11386,Very Happy
citzen11390,Pretty Happy
citzen11395,Pretty Happy
citzen11401,Pretty Happy
citzen11412,Pretty Happy
citzen11415,Pretty Happy
citzen11428,Very Happy
citzen11448,Pretty Happy
citzen1145,Pretty Happy
citzen11460,Pretty Happy
citzen11464,Pretty Happy
citzen11468,Pretty Happy
citzen11469,Pretty Happy
citzen11470,Pretty Happy
citzen1148,Pretty Happy
citzen11480,Pretty Happy
citzen11496,Pretty Happy
citzen11499,Pretty Happy
citzen1150,Pretty Happy
citzen11503,Pretty Happy
citzen11508,Pretty Happy
citzen1151,Pretty Happy
citzen11519,Pretty Happy
citzen11523,Pretty Happy
citzen11524,Pretty Happy
citzen11527,Pretty Happy
citzen1153,Pretty Happy
citzen11549,Pretty Happy
citzen1155,Pretty Happy
citzen11555,Pretty Happy
citzen11556,Very Happy
citzen11561,Pretty Happy
citzen11570,Pretty Happy
citzen11578,Pretty Happy
citzen11579,Pretty Happy
citzen11585,Pretty Happy
citzen11589,Pretty Happy
citzen11591,Pretty Happy
citzen11594,Pretty Happy
citzen11600,Pretty Happy
citzen11603,Pretty Happy
citzen11607,Pretty Happy
citzen11609,Pretty Happy
citzen11610,Pretty Happy
citzen11612,Pretty Happy
citzen11621,Very Happy
citzen11623,Pretty Happy
citzen11630,Very Happy
citzen11631,Pretty Happy
citzen11638,Pretty Happy
citzen11639,Pretty Happy
citzen11640,Pretty Happy
citzen11649,Pretty Happy
citzen1165,Pretty Happy
citzen11652,Pretty Happy
citzen11653,Pretty Happy
citzen1166,Pretty Happy
citzen11661,Pretty Happy
citzen11663,Pretty Happy
citzen11665,Pretty Happy
citzen11667,Pretty Happy
citzen11669,Pretty Happy
citzen11681,Pretty Happy
citzen11684,Pretty Happy
citzen11691,Pretty Happy
citzen11694,Very Happy
citzen11695,Pretty Happy
citzen11699,Pretty Happy
citzen11700,Pretty Happy
citzen11709,Pretty Happy
citzen11717,Pretty Happy
citzen11722,Pretty Happy
citzen11723,Pretty Happy
citzen11728,Pretty Happy
citzen11729,Pretty Happy
citzen11731,Pretty Happy
citzen11732,Pretty Happy
citzen11735,Pretty Happy
citzen11743,Pretty Happy
citzen11744,Pretty Happy
citzen11745,Pretty Happy
citzen11748,Pretty Happy
citzen11753,Pretty Happy
citzen11758,Pretty Happy
citzen1177,Pretty Happy
citzen11770,Pretty Happy
citzen11774,Pretty Happy
citzen1178,Very Happy
citzen11781,Pretty Happy
citzen11782,Pretty Happy
citzen11785,Pretty Happy
citzen11790,Pretty Happy
citzen11792,Pretty Happy
citzen11793,Very Happy
citzen11800,Pretty Happy
citzen11803,Pretty Happy
citzen11805,Pretty Happy
citzen11812,Very Happy
citzen11813,Pretty Happy
citzen11819,Pretty Happy
citzen11834,Pretty Happy
citzen11835,Pretty Happy
citzen11837,Pretty Happy
citzen11838,Pretty Happy
citzen11839,Pretty Happy
citzen1184,Pretty Happy
citzen11848,Pretty Happy
citzen11853,Pretty Happy
citzen1186,Pretty Happy
citzen11865,Pretty Happy
citzen11869,Pretty Happy
citzen11873,Pretty Happy
citzen1188,Pretty Happy
citzen11880,Pretty Happy
citzen11884,Pretty Happy
citzen11886,Very Happy
citzen11887,Pretty Happy
citzen11888,Pretty Happy
citzen11892,Pretty Happy
citzen11895,Pretty Happy
citzen11897,Pretty Happy
citzen1190,Pretty Happy
citzen11900,Pretty Happy
citzen11903,Pretty Happy
citzen11910,Pretty Happy
citzen11911,Pretty Happy
citzen11913,Pretty Happy
citzen11916,Pretty Happy
citzen11921,Pretty Happy
citzen11927,Pretty Happy
citzen11928,Pretty Happy
citzen11931,Pretty Happy
citzen11932,Pretty Happy
citzen11935,Pretty Happy
citzen11938,Pretty Happy
citzen11942,Very Happy
citzen11945,Pretty Happy
citzen11946,Very Happy
citzen11948,Pretty Happy
citzen11954,Pretty Happy
citzen11961,Pretty Happy
citzen11967,Pretty Happy
citzen11972,Pretty Happy
citzen11974,Pretty Happy
citzen11975,Very Happy
citzen11977,Pretty Happy
citzen1198,Pretty Happy
citzen11982,Pretty Happy
citzen11983,Pretty Happy
citzen11997,Pretty Happy
citzen11998,Very Happy
citzen12006,Pretty Happy
citzen12015,Pretty Happy
citzen12018,Pretty Happy
citzen12025,Very Happy
citzen1203,Pretty Happy
citzen12031,Pretty Happy
citzen12040,Pretty Happy
citzen12046,Pretty Happy
citzen12049,Pretty Happy
citzen12050,Pretty Happy
citzen12053,Pretty Happy
citzen12057,Pretty Happy
citzen12058,Pretty Happy
citzen12062,Pretty Happy
citzen12078,Pretty Happy
citzen12087,Pretty Happy
citzen121,Pretty Happy
citzen12104,Pretty Happy
citzen12108,Pretty Happy
citzen1211,Pretty Happy
citzen12111,Very Happy
citzen12116,Pretty Happy
citzen12118,Pretty Happy
citzen12121,Pretty Happy
citzen12122,Pretty Happy
citzen12124,Pretty Happy
citzen12134,Pretty Happy
citzen12135,Pretty Happy
citzen12136,Pretty Happy
citzen12138,Pretty Happy
citzen12142,Not Happy
citzen12145,Pretty Happy
citzen12150,Pretty Happy
citzen12155,Pretty Happy
citzen1216,Pretty Happy
citzen12162,Pretty Happy
citzen12164,Pretty Happy
citzen12165,Pretty Happy
citzen12166,Pretty Happy
citzen12175,Pretty Happy
citzen12176,Pretty Happy
citzen12184,Pretty Happy
citzen12190,Pretty Happy
citzen12193,Pretty Happy
citzen12194,Pretty Happy
citzen12199,Pretty Happy
citzen122,Pretty Happy
citzen12203,Pretty Happy
citzen12207,Pretty Happy
citzen12208,Pretty Happy
citzen12211,Pretty Happy
citzen12214,Pretty Happy
citzen12217,Very Happy
citzen12220,Pretty Happy
citzen12228,Pretty Happy
citzen12229,Pretty Happy
citzen12233,Pretty Happy
citzen12235,Pretty Happy
citzen12239,Pretty Happy
citzen1225,Pretty Happy
citzen12260,Very Happy
citzen12263,Very Happy
citzen12267,Pretty Happy
citzen12273,Pretty Happy
citzen12277,Pretty Happy
citzen1228,Pretty Happy
citzen12282,Very Happy
citzen12283,Pretty Happy
citzen12284,Pretty Happy
citzen12288,Pretty Happy
citzen12299,Pretty Happy
citzen12306,Pretty Happy
citzen12310,Pretty Happy
citzen12321,Pretty Happy
citzen12325,Pretty Happy
citzen12326,Pretty Happy
citzen12331,Pretty Happy
citzen12336,Pretty Happy
citzen12344,Pretty Happy
citzen12345,Pretty Happy
citzen12350,Pretty Happy
citzen12352,Pretty Happy
citzen12355,Pretty Happy
citzen12362,Pretty Happy
citzen12364,Pretty Happy
citzen12365,Pretty Happy
citzen12368,Pretty Happy
citzen12372,Pretty Happy
citzen12375,Pretty Happy
citzen12387,Very Happy
citzen12391,Very Happy
citzen1240,Pretty Happy
citzen12403,Pretty Happy
citzen12408,Pretty Happy
citzen1241,Pretty Happy
citzen12413,Pretty Happy
citzen12420,Pretty Happy
citzen12422,Pretty Happy
citzen12424,Pretty Happy
citzen12427,Pretty Happy
citzen12429,Pretty Happy
citzen12438,Pretty Happy
citzen12439,Very Happy
citzen12445,Pretty Happy
citzen12447,Pretty Happy
citzen12452,Pretty Happy
citzen12456,Pretty Happy
citzen12458,Pretty Happy
citzen1246,Very Happy
citzen12461,Pretty Happy
citzen12468,Pretty Happy
citzen12476,Pretty Happy
citzen12481,Pretty Happy
citzen12482,Very Happy
citzen12483,Pretty Happy
citzen12485,Pretty Happy
citzen1249,Pretty Happy
citzen12491,Pretty Happy
citzen125,Very Happy
citzen12510,Pretty Happy
citzen12511,Pretty Happy
citzen12513,Pretty Happy
citzen12519,Very Happy
citzen12529,Pretty Happy
citzen12542,Very Happy
citzen12544,Pretty Happy
citzen12545,Pretty Happy
citzen12550,Pretty Happy
citzen12553,Pretty Happy
citzen12555,Pretty Happy
citzen12557,Pretty Happy
citzen12558,Very Happy
citzen12559,Pretty Happy
citzen1256,Pretty Happy
citzen12564,Pretty Happy
citzen12565,Pretty Happy
citzen12574,Pretty Happy
citzen12575,Pretty Happy
citzen12580,Pretty Happy
citzen12584,Pretty Happy
citzen12591,Pretty Happy
citzen12593,Pretty Happy
citzen12596,Pretty Happy
citzen12598,Pretty Happy
citzen12600,Pretty Happy
citzen12606,Pretty Happy
citzen12608,Pretty Happy
citzen12609,Pretty Happy
citzen12612,Very Happy
citzen12615,Pretty Happy
citzen12620,Pretty Happy
citzen12627,Very Happy
citzen12628,Very Happy
citzen1263,Pretty Happy
citzen12630,Pretty Happy
citzen12633,Pretty Happy
citzen12635,Pretty Happy
citzen12648,Pretty Happy
citzen12652,Pretty Happy
citzen12654,Pretty Happy
citzen12659,Pretty Happy
citzen12665,Pretty Happy
citzen1267,Pretty Happy
citzen12672,Pretty Happy
citzen12674,Pretty Happy
citzen12675,Pretty Happy
citzen12676,Pretty Happy
citzen12677,Very Happy
citzen12678,Pretty Happy
citzen1268,Pretty Happy
citzen12681,Pretty Happy
citzen12687,Pretty Happy
citzen12690,Pretty Happy
citzen12695,Pretty Happy
citzen12699,Pretty Happy
citzen127,Pretty Happy
citzen12701,Pretty Happy
citzen12706,Pretty Happy
citzen12708,Very Happy
citzen12712,Pretty Happy
citzen12714,Pretty Happy
citzen12724,Pretty Happy
citzen12725,Pretty Happy
citzen12732,Pretty Happy
citzen12733,Pretty Happy
citzen12734,Pretty Happy
citzen12740,Pretty Happy
citzen12744,Pretty Happy
citzen12745,Pretty Happy
citzen12750,Pretty Happy
citzen12756,Pretty Happy
citzen12757,Pretty Happy
citzen12765,Pretty Happy
citzen12766,Pretty Happy
citzen12769,Very Happy
citzen12775,Pretty Happy
citzen1278,Pretty Happy
citzen12782,Pretty Happy
citzen12794,Pretty Happy
citzen12796,Pretty Happy
citzen12798,Pretty Happy
citzen128,Pretty Happy
citzen12801,Pretty Happy
citzen12802,Very Happy
citzen12806,Pretty Happy
citzen12807,Pretty Happy
citzen12813,Pretty Happy
citzen12815,Pretty Happy
citzen12816,Pretty Happy
citzen1282,Pretty Happy
citzen12825,Pretty Happy
citzen12826,Pretty Happy
citzen1283,Pretty Happy
citzen12844,Pretty Happy
citzen12848,Pretty Happy
citzen12852,Pretty Happy
citzen12857,Pretty Happy
citzen12858,Pretty Happy
citzen12862,Pretty Happy
citzen12865,Pretty Happy
citzen12870,Pretty Happy
citzen12871,Pretty Happy
citzen12873,Pretty Happy
citzen12874,Pretty Happy
citzen12884,Pretty Happy
citzen12886,Pretty Happy
citzen12892,Pretty Happy
citzen12901,Pretty Happy
citzen12903,Pretty Happy
citzen1292,Pretty Happy
citzen12924,Pretty Happy
citzen12934,Pretty Happy
citzen12935,Pretty Happy
citzen12938,Pretty Happy
citzen12945,Pretty Happy
citzen12947,Pretty Happy
citzen12948,Pretty Happy
citzen12960,Pretty Happy
citzen12961,Pretty Happy
citzen12964,Pretty Happy
citzen12968,Pretty Happy
citzen1297,Pretty Happy
citzen12970,Pretty Happy
citzen12973,Pretty Happy
citzen12978,Pretty Happy
citzen12983,Pretty Happy
citzen12985,Pretty Happy
citzen12988,Pretty Happy
citzen12991,Not Happy
citzen12993,Pretty Happy
citzen12995,Pretty Happy
citzen1300,Pretty Happy
citzen13002,Pretty Happy
citzen13007,Pretty Happy
citzen13009,Pretty Happy
citzen13024,Pretty Happy
citzen13026,Pretty Happy
citzen13027,Pretty Happy
citzen13029,Pretty Happy
citzen1303,Pretty Happy
citzen13033,Pretty Happy
citzen13037,Pretty Happy
citzen13038,Pretty Happy
citzen13043,Pretty Happy
citzen13046,Pretty Happy
citzen13048,Pretty Happy
citzen1305,Pretty Happy
citzen13050,Pretty Happy
citzen1306,Pretty Happy
citzen13069,Pretty Happy
citzen1307,Pretty Happy
citzen13070,Very Happy
citzen13072,Pretty Happy
citzen13073,Pretty Happy
citzen13074,Pretty Happy
citzen13079,Very Happy
citzen13080,Pretty Happy
citzen13087,Pretty Happy
citzen1309,Pretty Happy
citzen13092,Very Happy
citzen13094,Pretty Happy
citzen13102,Pretty Happy
citzen13103,Pretty Happy
citzen13105,Very Happy
citzen13110,Pretty Happy
citzen13117,Pretty Happy
citzen13119,Pretty Happy
citzen13121,Pretty Happy
citzen13125,Pretty Happy
citzen13138,Very Happy
citzen13145,Pretty Happy
citzen13149,Pretty Happy
citzen13156,Pretty Happy
citzen13158,Pretty Happy
citzen13162,Pretty Happy
citzen13163,Pretty Happy
citzen13176,Pretty Happy
citzen13177,Pretty Happy
citzen13178,Pretty Happy
citzen13196,Pretty Happy
citzen132,Very Happy
citzen13204,Pretty Happy
citzen13205,Pretty Happy
citzen13209,Pretty Happy
citzen13211,Very Happy
citzen13217,Pretty Happy
citzen13221,Pretty Happy
citzen13226,Pretty Happy
citzen13233,Pretty Happy
citzen13236,Pretty Happy
citzen13239,Pretty Happy
citzen13256,Pretty Happy
citzen13259,Pretty Happy
citzen13263,Pretty Happy
citzen13267,Very Happy
citzen13271,Pretty Happy
citzen13272,Pretty Happy
citzen13273,Pretty Happy
citzen13278,Pretty Happy
citzen13279,Pretty Happy
citzen13283,Not Happy
citzen13290,Pretty Happy
citzen1330,Pretty Happy
citzen13304,Pretty Happy
citzen13319,Pretty Happy
citzen13322,Pretty Happy
citzen13324,Pretty Happy
citzen1333,Pretty Happy
citzen13336,Pretty Happy
citzen13339,Pretty Happy
citzen13341,Pretty Happy
citzen13344,Pretty Happy
citzen13348,Pretty Happy
citzen1335,Pretty Happy
citzen13355,Pretty Happy
citzen13366,Pretty Happy
citzen1337,Pretty Happy
citzen13372,Pretty Happy
citzen13376,Pretty Happy
citzen13378,Pretty Happy
citzen13383,Pretty Happy
citzen13386,Pretty Happy
citzen13388,Pretty Happy
citzen13395,Pretty Happy
citzen13399,Pretty Happy
citzen13400,Pretty Happy
citzen13402,Pretty Happy
citzen13407,Pretty Happy
citzen13408,Pretty Happy
citzen13411,Pretty Happy
citzen13415,Pretty Happy
citzen13417,Pretty Happy
citzen13418,Pretty Happy
citzen13419,Pretty Happy
citzen13420,Very Happy
citzen13421,Pretty Happy
citzen13426,Pretty Happy
citzen13432,Pretty Happy
citzen1344,Pretty Happy
citzen13440,Pretty Happy
citzen13442,Pretty Happy
citzen13443,Pretty Happy
citzen1345,Pretty Happy
citzen13450,Pretty Happy
citzen13451,Pretty Happy
citzen13454,Pretty Happy
citzen13459,Pretty Happy
citzen13461,Pretty Happy
citzen13464,Pretty Happy
citzen1347,Pretty Happy
citzen13472,Pretty Happy
citzen13475,Pretty Happy
citzen13478,Very Happy
citzen13479,Pretty Happy
citzen13483,Pretty Happy
citzen13488,Pretty Happy
citzen1349,Pretty Happy
citzen13491,Pretty Happy
citzen13492,Very Happy
citzen13495,Pretty Happy
citzen13509,Pretty Happy
citzen13512,Pretty Happy
citzen13513,Pretty Happy
citzen13519,Pretty Happy
citzen1352,Pretty Happy
citzen13523,Pretty Happy
citzen13525,Pretty Happy
citzen13526,Pretty Happy
citzen1353,Pretty Happy
citzen13532,Pretty Happy
citzen13535,Pretty Happy
citzen13539,Pretty Happy
citzen13547,Pretty Happy
citzen13549,Pretty Happy
citzen1355,Pretty Happy
citzen13551,Pretty Happy
citzen13552,Pretty Happy
citzen13554,Not Happy
citzen13555,Pretty Happy
citzen13560,Very Happy
citzen13561,Pretty Happy
citzen13563,Pretty Happy
citzen13573,Pretty Happy
citzen13579,Pretty Happy
citzen13582,Pretty Happy
citzen13586,Pretty Happy
citzen1359,Pretty Happy
citzen13590,Pretty Happy
citzen13597,Pretty Happy
citzen13609,Pretty Happy
citzen13620,Pretty Happy
citzen13626,Pretty Happy
citzen13627,Pretty Happy
citzen1363,Pretty Happy
citzen13634,Pretty Happy
citzen13639,Pretty Happy
citzen13641,Pretty Happy
citzen13643,Pretty Happy
citzen13647,Pretty Happy
citzen13648,Very Happy
citzen1366,Pretty Happy
citzen13661,Very Happy
citzen13662,Pretty Happy
citzen13665,Pretty Happy
citzen13669,Pretty Happy
citzen13672,Pretty Happy
citzen13674,Pretty Happy
citzen13678,Very Happy
citzen13679,Very Happy
citzen13681,Pretty Happy
citzen13684,Pretty Happy
citzen13694,Pretty Happy
citzen13695,Pretty Happy
citzen13698,Pretty Happy
citzen13701,Pretty Happy
citzen13708,Pretty Happy
citzen13726,Pretty Happy
citzen13729,Pretty Happy
citzen13730,Pretty Happy
citzen13736,Pretty Happy
citzen13748,Pretty Happy
citzen13749,Pretty Happy
citzen13750,Pretty Happy
citzen13756,Pretty Happy
citzen13759,Pretty Happy
citzen13764,Pretty Happy
citzen13776,Pretty Happy
citzen13783,Pretty Happy
citzen13786,Pretty Happy
citzen1379,Not Happy
citzen13794,Pretty Happy
citzen13802,Pretty Happy
citzen13805,Pretty Happy
citzen13808,Pretty Happy
citzen13815,Very Happy
citzen13817,Pretty Happy
citzen13825,Very Happy
citzen13827,Pretty Happy
citzen13830,Pretty Happy
citzen13835,Pretty Happy
citzen13836,Pretty Happy
citzen13844,Very Happy
citzen1385,Pretty Happy
citzen13851,Pretty Happy
citzen13855,Pretty Happy
citzen13856,Pretty Happy
citzen13862,Pretty Happy
citzen1387,Pretty Happy
citzen13874,Very Happy
citzen13876,Pretty Happy
citzen13881,Pretty Happy
citzen13887,Pretty Happy
citzen13891,Pretty Happy
citzen139,Pretty Happy
citzen1390,Pretty Happy
citzen13908,Pretty Happy
citzen13917,Very Happy
citzen13919,Very Happy
citzen13926,Pretty Happy
citzen13944,Pretty Happy
citzen13950,Pretty Happy
citzen13953,Pretty Happy
citzen13958,Pretty Happy
citzen13977,Pretty Happy
citzen13990,Pretty Happy
citzen13993,Pretty Happy
citzen13995,Pretty Happy
citzen13996,Pretty Happy
citzen13999,Pretty Happy
citzen14000,Pretty Happy
citzen1409,Pretty Happy
citzen1417,Pretty Happy
citzen1419,Pretty Happy
citzen142,Pretty Happy
citzen1422,Pretty Happy
citzen1425,Pretty Happy
citzen1426,Pretty Happy
citzen1427,Pretty Happy
citzen1429,Pretty Happy
citzen143,Pretty Happy
citzen1430,Pretty Happy
citzen1432,Pretty Happy
citzen1438,Pretty Happy
citzen1443,Pretty Happy
citzen1444,Pretty Happy
citzen1445,Pretty Happy
citzen1447,Pretty Happy
citzen1448,Pretty Happy
citzen1449,Very Happy
citzen1455,Pretty Happy
citzen1464,Pretty Happy
citzen1465,Pretty Happy
citzen1470,Pretty Happy
citzen1472,Pretty Happy
citzen1474,Pretty Happy
citzen1478,Pretty Happy
citzen1481,Very Happy
citzen1484,Pretty Happy
citzen1488,Pretty Happy
citzen1490,Pretty Happy
citzen1492,Pretty Happy
citzen151,Pretty Happy
citzen1511,Pretty Happy
citzen1518,Pretty Happy
citzen1526,Pretty Happy
citzen1532,Pretty Happy
citzen1539,Pretty Happy
citzen154,Very Happy
citzen1543,Pretty Happy
citzen1549,Pretty Happy
citzen1557,Pretty Happy
citzen1563,Pretty Happy
citzen1564,Pretty Happy
citzen1565,Pretty Happy
citzen1568,Very Happy
citzen1573,Pretty Happy
citzen1581,Pretty Happy
citzen1586,Pretty Happy
citzen159,Pretty Happy
citzen1590,Pretty Happy
citzen1592,Pretty Happy
citzen1594,Pretty Happy
citzen1601,Pretty Happy
citzen1602,Pretty Happy
citzen1603,Pretty Happy
citzen1605,Pretty Happy
citzen1608,Pretty Happy
citzen1611,Pretty Happy
citzen1614,Pretty Happy
citzen1616,Pretty Happy
citzen1618,Very Happy
citzen1619,Pretty Happy
citzen162,Pretty Happy
citzen1634,Pretty Happy
citzen1636,Very Happy
citzen1644,Pretty Happy
citzen1645,Pretty Happy
citzen1646,Pretty Happy
citzen1648,Pretty Happy
citzen165,Pretty Happy
citzen1652,Pretty Happy
citzen1655,Pretty Happy
citzen1664,Pretty Happy
citzen1669,Pretty Happy
citzen1670,Pretty Happy
citzen1680,Pretty Happy
citzen1682,Pretty Happy
citzen1684,Pretty Happy
citzen1685,Pretty Happy
citzen1697,Pretty Happy
citzen1698,Pretty Happy
citzen1701,Very Happy
citzen1705,Pretty Happy
citzen1706,Pretty Happy
citzen1711,Pretty Happy
citzen1719,Pretty Happy
citzen1721,Pretty Happy
citzen173,Pretty Happy
citzen1730,Pretty Happy
citzen1731,Pretty Happy
citzen1734,Pretty Happy
citzen1735,Pretty Happy
citzen1741,Pretty Happy
citzen1743,Pretty Happy
citzen1749,Pretty Happy
citzen1752,Pretty Happy
citzen1753,Pretty Happy
citzen1754,Pretty Happy
citzen176,Pretty Happy
citzen1761,Pretty Happy
citzen1763,Very Happy
citzen1764,Pretty Happy
citzen1767,Pretty Happy
citzen1769,Pretty Happy
citzen1773,Pretty Happy
citzen1775,Pretty Happy
citzen1776,Pretty Happy
citzen1778,Pretty Happy
citzen1779,Pretty Happy
citzen1780,Pretty Happy
citzen1784,Very Happy
citzen1785,Pretty Happy
citzen1786,Pretty Happy
citzen1787,Pretty Happy
citzen1790,Pretty Happy
citzen1792,Pretty Happy
citzen1795,Pretty Happy
citzen1798,Pretty Happy
citzen18,Pretty Happy
citzen180,Very Happy
citzen1802,Very Happy
citzen1803,Pretty Happy
citzen1808,Pretty Happy
citzen1823,Pretty Happy
citzen1834,Pretty Happy
citzen1837,Pretty Happy
citzen184,Pretty Happy
citzen1843,Pretty Happy
citzen1852,Pretty Happy
citzen1853,Pretty Happy
citzen1860,Pretty Happy
citzen1866,Pretty Happy
citzen1871,Very Happy
citzen1875,Very Happy
citzen1877,Pretty Happy
citzen188,Pretty Happy
citzen1881,Pretty Happy
citzen1884,Pretty Happy
citzen1886,Pretty Happy
citzen1893,Pretty Happy
citzen1901,Pretty Happy
citzen1904,Pretty Happy
citzen1905,Pretty Happy
citzen1907,Pretty Happy
citzen1914,Pretty Happy
citzen1921,Pretty Happy
citzen1922,Very Happy
citzen1933,Pretty Happy
citzen1940,Pretty Happy
citzen1948,Pretty Happy
citzen1954,Pretty Happy
citzen1956,Pretty Happy
citzen1957,Pretty Happy
citzen1958,Pretty Happy
citzen196,Very Happy
citzen1960,Pretty Happy
citzen1961,Pretty Happy
citzen1963,Pretty Happy
citzen1964,Pretty Happy
citzen1967,Pretty Happy
citzen1968,Pretty Happy
citzen1972,Pretty Happy
citzen1973,Pretty Happy
citzen198,Pretty Happy
citzen1980,Pretty Happy
citzen1982,Pretty Happy
citzen1988,Pretty Happy
citzen1998,Pretty Happy
citzen20,Pretty Happy
citzen2001,Pretty Happy
citzen2002,Pretty Happy
citzen2005,Pretty Happy
citzen2007,Pretty Happy
citzen2009,Pretty Happy
citzen2013,Pretty Happy
citzen2021,Pretty Happy
citzen2022,Pretty Happy
citzen2025,Pretty Happy
citzen2032,Pretty Happy
citzen2038,Pretty Happy
citzen2039,Pretty Happy
citzen2044,Pretty Happy
citzen2049,Pretty Happy
citzen205,Pretty Happy
citzen2050,Pretty Happy
citzen2051,Pretty Happy
citzen2057,Pretty Happy
citzen2058,Pretty Happy
citzen2059,Pretty Happy
citzen206,Pretty Happy
citzen2061,Pretty Happy
citzen2062,Very Happy
citzen2065,Pretty Happy
citzen207,Very Happy
citzen2071,Pretty Happy
citzen2073,Pretty Happy
citzen2079,Very Happy
citzen2094,Pretty Happy
citzen2098,Pretty Happy
citzen2101,Very Happy
citzen2103,Pretty Happy
citzen2104,Pretty Happy
citzen2110,Pretty Happy
citzen2117,Pretty Happy
citzen2121,Pretty Happy
citzen2154,Pretty Happy
citzen2158,Pretty Happy
citzen2159,Pretty Happy
citzen2161,Pretty Happy
citzen2163,Pretty Happy
citzen2170,Pretty Happy
citzen2181,Pretty Happy
citzen2182,Pretty Happy
citzen2188,Pretty Happy
citzen2197,Pretty Happy
citzen2201,Very Happy
citzen2202,Pretty Happy
citzen2203,Pretty Happy
citzen2215,Pretty Happy
citzen2218,Pretty Happy
citzen2223,Pretty Happy
citzen2229,Pretty Happy
citzen223,Pretty Happy
citzen2230,Pretty Happy
citzen2232,Pretty Happy
citzen2235,Pretty Happy
citzen2237,Pretty Happy
citzen2238,Very Happy
citzen2239,Pretty Happy
citzen2244,Pretty Happy
citzen2250,Pretty Happy
citzen2253,Pretty Happy
citzen2261,Pretty Happy
citzen2277,Not Happy
citzen228,Pretty Happy
citzen2280,Pretty Happy
citzen2281,Pretty Happy
citzen2283,Pretty Happy
citzen2292,Pretty Happy
citzen2296,Pretty Happy
citzen2300,Pretty Happy
citzen2315,Pretty Happy
citzen2319,Very Happy
citzen2320,Very Happy
citzen2323,Pretty Happy
citzen2324,Pretty Happy
citzen233,Pretty Happy
citzen2331,Very Happy
citzen2333,Pretty Happy
citzen2336,Very Happy
citzen2338,Pretty Happy
citzen2343,Pretty Happy
citzen2346,Pretty Happy
citzen2349,Pretty Happy
citzen2363,Pretty Happy
citzen2364,Pretty Happy
citzen2369,Very Happy
citzen237,Very Happy
citzen2374,Pretty Happy
citzen2378,Pretty Happy
citzen2381,Pretty Happy
citzen2400,Pretty Happy
citzen2401,Pretty Happy
citzen2407,Pretty Happy
citzen2409,Pretty Happy
citzen2418,Pretty Happy
citzen2420,Pretty Happy
citzen2432,Pretty Happy
citzen2436,Pretty Happy
citzen244,Pretty Happy
citzen2440,Pretty Happy
citzen2449,Pretty Happy
citzen2453,Pretty Happy
citzen2454,Pretty Happy
citzen2456,Very Happy
citzen2459,Pretty Happy
citzen2462,Pretty Happy
citzen2464,Pretty Happy
citzen2467,Pretty Happy
citzen2477,Pretty Happy
citzen248,Pretty Happy
citzen2484,Pretty Happy
citzen2491,Very Happy
citzen2492,Pretty Happy
citzen2493,Pretty Happy
citzen2495,Pretty Happy
citzen2500,Pretty Happy
citzen2505,Not Happy
citzen2507,Pretty Happy
citzen2511,Pretty Happy
citzen252,Pretty Happy
citzen2527,Pretty Happy
citzen2531,Pretty Happy
citzen2534,Pretty Happy
citzen2535,Pretty Happy
citzen2536,Pretty Happy
citzen2539,Pretty Happy
citzen2550,Pretty Happy
citzen2552,Pretty Happy
citzen2560,Pretty Happy
citzen2561,Pretty Happy
citzen2562,Pretty Happy
citzen2579,Pretty Happy
citzen258,Pretty Happy
citzen2580,Pretty Happy
citzen2589,Pretty Happy
citzen259,Pretty Happy
citzen2592,Pretty Happy
citzen2593,Pretty Happy
citzen2597,Pretty Happy
citzen2599,Pretty Happy
citzen2607,Pretty Happy
citzen2608,Very Happy
citzen2613,Pretty Happy
citzen2614,Pretty Happy
citzen2615,Pretty Happy
citzen2620,Pretty Happy
citzen2630,Pretty Happy
citzen2633,Pretty Happy
citzen2634,Pretty Happy
citzen2636,Pretty Happy
citzen2646,Very Happy
citzen2650,Very Happy
citzen2654,Pretty Happy
citzen2657,Pretty Happy
citzen2658,Pretty Happy
citzen2660,Pretty Happy
citzen2672,Pretty Happy
citzen2674,Pretty Happy
citzen2676,Pretty Happy
citzen2679,Pretty Happy
citzen268,Pretty Happy
citzen2682,Very Happy
citzen2684,Pretty Happy
citzen2685,Pretty Happy
citzen269,Pretty Happy
citzen2691,Pretty Happy
citzen2695,Pretty Happy
citzen27,Pretty Happy
citzen2700,Pretty Happy
citzen2708,Pretty Happy
citzen2723,Pretty Happy
citzen2727,Pretty Happy
citzen2730,Pretty Happy
citzen2731,Pretty Happy
citzen2738,Pretty Happy
citzen2748,Pretty Happy
citzen2753,Pretty Happy
citzen2761,Pretty Happy
citzen2767,Pretty Happy
citzen2768,Pretty Happy
citzen2769,Pretty Happy
citzen2774,Very Happy
citzen2779,Pretty Happy
citzen2785,Very Happy
citzen279,Very Happy
citzen2793,Pretty Happy
citzen2803,Pretty Happy
citzen2805,Pretty Happy
citzen2808,Pretty Happy
citzen2810,Pretty Happy
citzen2813,Pretty Happy
citzen2815,Pretty Happy
citzen2819,Very Happy
citzen2821,Pretty Happy
citzen2825,Pretty Happy
citzen283,Pretty Happy
citzen2833,Pretty Happy
citzen2840,Pretty Happy
citzen2845,Pretty Happy
citzen2850,Very Happy
citzen2854,Pretty Happy
citzen286,Very Happy
citzen2860,Very Happy
citzen2865,Pretty Happy
citzen2869,Pretty Happy
citzen2870,Pretty Happy
citzen2881,Pretty Happy
citzen2882,Pretty Happy
citzen2884,Pretty Happy
citzen2886,Pretty Happy
citzen2889,Pretty Happy
citzen2897,Pretty Happy
citzen29,Pretty Happy
citzen2906,Pretty Happy
citzen2909,Pretty Happy
citzen292,Pretty Happy
citzen2923,Pretty Happy
citzen2925,Pretty Happy
citzen2926,Pretty Happy
citzen2933,Pretty Happy
citzen2949,Not Happy
citzen2952,Pretty Happy
citzen2954,Pretty Happy
citzen2960,Pretty Happy
citzen2961,Pretty Happy
citzen2963,Very Happy
citzen2964,Pretty Happy
citzen2965,Pretty Happy
citzen2976,Pretty Happy
citzen2977,Pretty Happy
citzen2979,Pretty Happy
citzen2986,Very Happy
citzen2996,Pretty Happy
citzen300,Pretty Happy
citzen3000,Pretty Happy
citzen3002,Pretty Happy
citzen3004,Pretty Happy
citzen3005,Pretty Happy
citzen3009,Pretty Happy
citzen301,Very Happy
citzen3010,Pretty Happy
citzen3021,Pretty Happy
citzen3036,Pretty Happy
citzen3051,Pretty Happy
citzen3053,Pretty Happy
citzen3054,Pretty Happy
citzen3056,Pretty Happy
citzen306,Pretty Happy
citzen3065,Pretty Happy
citzen3068,Pretty Happy
citzen3071,Pretty Happy
citzen3075,Pretty Happy
citzen3092,Pretty Happy
citzen3117,Pretty Happy
citzen3123,Pretty Happy
citzen313,Pretty Happy
citzen3135,Pretty Happy
citzen3140,Pretty Happy
citzen3143,Pretty Happy
citzen3149,Pretty Happy
citzen3151,Pretty Happy
citzen3158,Pretty Happy
citzen3159,Pretty Happy
citzen3160,Pretty Happy
citzen3162,Pretty Happy
citzen3173,Very Happy
citzen3174,Pretty Happy
citzen3176,Pretty Happy
citzen3186,Pretty Happy
citzen3190,Pretty Happy
citzen3196,Pretty Happy
citzen3198,Pretty Happy
citzen321,Pretty Happy
citzen3211,Pretty Happy
citzen3217,Pretty Happy
citzen322,Pretty Happy
citzen3220,Pretty Happy
citzen3225,Pretty Happy
citzen3233,Pretty Happy
citzen324,Pretty Happy
citzen3245,Very Happy
citzen3251,Pretty Happy
citzen3252,Pretty Happy
citzen3254,Pretty Happy
citzen3255,Pretty Happy
citzen3259,Pretty Happy
citzen326,Pretty Happy
citzen3263,Pretty Happy
citzen3264,Pretty Happy
citzen3267,Pretty Happy
citzen3271,Pretty Happy
citzen3276,Pretty Happy
citzen3287,Pretty Happy
citzen3289,Pretty Happy
citzen3297,Pretty Happy
citzen3303,Pretty Happy
citzen3306,Pretty Happy
citzen3312,Pretty Happy
citzen3313,Pretty Happy
citzen3317,Pretty Happy
citzen3318,Pretty Happy
citzen332,Pretty Happy
citzen3322,Pretty Happy
citzen3337,Very Happy
citzen3338,Pretty Happy
citzen3339,Pretty Happy
citzen3340,Pretty Happy
citzen3343,Pretty Happy
citzen3345,Pretty Happy
citzen3352,Pretty Happy
citzen3361,Pretty Happy
citzen3362,Pretty Happy
citzen3363,Pretty Happy
citzen3367,Pretty Happy
citzen3368,Pretty Happy
citzen337,Pretty Happy
citzen3374,Pretty Happy
citzen3401,Pretty Happy
citzen3402,Pretty Happy
citzen3409,Pretty Happy
citzen3413,Pretty Happy
citzen3415,Pretty Happy
citzen3422,Pretty Happy
citzen3423,Pretty Happy
citzen3427,Pretty Happy
citzen3446,Pretty Happy
citzen3451,Pretty Happy
citzen3456,Pretty Happy
citzen3462,Pretty Happy
citzen3472,Pretty Happy
citzen3473,Pretty Happy
citzen3477,Pretty Happy
citzen348,Pretty Happy
citzen3482,Pretty Happy
citzen3487,Pretty Happy
citzen3494,Pretty Happy
citzen3497,Pretty Happy
citzen35,Pretty Happy
citzen3501,Pretty Happy
citzen3506,Very Happy
citzen3508,Pretty Happy
citzen351,Very Happy
citzen3510,Pretty Happy
citzen3528,Pretty Happy
citzen3534,Pretty Happy
citzen3537,Pretty Happy
citzen3553,Pretty Happy
citzen3560,Very Happy
citzen3561,Very Happy
citzen3563,Pretty Happy
citzen3564,Pretty Happy
citzen3566,Pretty Happy
citzen3567,Pretty Happy
citzen3569,Pretty Happy
citzen3574,Pretty Happy
citzen3577,Pretty Happy
citzen3588,Pretty Happy
citzen3595,Very Happy
citzen3598,Pretty Happy
citzen3599,Pretty Happy
citzen36,Pretty Happy
citzen3605,Very Happy
citzen361,Pretty Happy
citzen3618,Pretty Happy
citzen3622,Pretty Happy
citzen3637,Pretty Happy
citzen3650,Pretty Happy
citzen3653,Pretty Happy
citzen3656,Pretty Happy
citzen366,Pretty Happy
citzen3660,Pretty Happy
citzen3668,Pretty Happy
citzen3671,Pretty Happy
citzen3675,Pretty Happy
citzen368,Pretty Happy
citzen3680,Pretty Happy
citzen3684,Pretty Happy
citzen3685,Pretty Happy
citzen369,Pretty Happy
citzen3690,Pretty Happy
citzen3694,Pretty Happy
citzen3695,Pretty Happy
citzen3701,Pretty Happy
citzen3704,Pretty Happy
citzen3707,Pretty Happy
citzen3708,Pretty Happy
citzen3710,Pretty Happy
citzen3712,Pretty Happy
citzen3715,Pretty Happy
citzen3719,Pretty Happy
citzen3721,Pretty Happy
citzen3722,Pretty Happy
citzen3724,Pretty Happy
citzen3731,Pretty Happy
citzen3732,Pretty Happy
citzen3733,Pretty Happy
citzen3741,Pretty Happy
citzen3744,Pretty Happy
citzen3746,Pretty Happy
citzen3761,Pretty Happy
citzen3767,Pretty Happy
citzen3771,Very Happy
citzen3777,Very Happy
citzen3780,Pretty Happy
citzen3788,Pretty Happy
citzen3789,Pretty Happy
citzen3790,Pretty Happy
citzen3791,Pretty Happy
citzen3795,Pretty Happy
citzen3798,Very Happy
citzen3801,Pretty Happy
citzen3804,Pretty Happy
citzen3807,Pretty Happy
citzen3808,Pretty Happy
citzen3810,Pretty Happy
citzen3822,Pretty Happy
citzen3836,Pretty Happy
citzen3837,Very Happy
citzen3841,Pretty Happy
citzen3853,Pretty Happy
citzen386,Pretty Happy
citzen3862,Pretty Happy
citzen3868,Pretty Happy
citzen3869,Pretty Happy
citzen3874,Pretty Happy
citzen3875,Pretty Happy
citzen3878,Pretty Happy
citzen3881,Pretty Happy
citzen3883,Pretty Happy
citzen3884,Pretty Happy
citzen3889,Pretty Happy
citzen3895,Pretty Happy
citzen3907,Pretty Happy
citzen391,Pretty Happy
citzen3912,Very Happy
citzen3916,Very Happy
citzen3921,Very Happy
citzen3928,Pretty Happy
citzen3929,Pretty Happy
citzen3934,Pretty Happy
citzen3935,Pretty Happy
citzen3937,Pretty Happy
citzen395,Pretty Happy
citzen3950,Pretty Happy
citzen3951,Pretty Happy
citzen3952,Pretty Happy
citzen3956,Pretty Happy
citzen3961,Pretty Happy
citzen3962,Pretty Happy
citzen3964,Pretty Happy
citzen3968,Pretty Happy
citzen3970,Very Happy
citzen3979,Pretty Happy
citzen3985,Pretty Happy
citzen3986,Pretty Happy
citzen3987,Pretty Happy
citzen399,Very Happy
citzen3991,Pretty Happy
citzen3992,Pretty Happy
citzen3997,Very Happy
citzen4001,Pretty Happy
citzen4007,Pretty Happy
citzen4008,Pretty Happy
citzen4009,Pretty Happy
citzen4010,Pretty Happy
citzen4013,Pretty Happy
citzen4019,Pretty Happy
citzen402,Pretty Happy
citzen4021,Very Happy
citzen4022,Pretty Happy
citzen403,Pretty Happy
citzen4032,Not Happy
citzen4033,Pretty Happy
citzen4034,Pretty Happy
citzen4036,Pretty Happy
citzen4037,Pretty Happy
citzen4048,Very Happy
citzen4053,Very Happy
citzen4065,Pretty Happy
citzen4067,Pretty Happy
citzen4068,Pretty Happy
citzen4073,Pretty Happy
citzen4078,Pretty Happy
citzen4080,Pretty Happy
citzen4081,Very Happy
citzen4083,Pretty Happy
citzen4085,Pretty Happy
citzen4088,Pretty Happy
citzen409,Pretty Happy
citzen4097,Pretty Happy
citzen4106,Pretty Happy
citzen4109,Pretty Happy
citzen411,Pretty Happy
citzen4111,Pretty Happy
citzen4114,Very Happy
citzen4117,Pretty Happy
citzen4120,Very Happy
citzen4124,Pretty Happy
citzen4127,Pretty Happy
citzen413,Pretty Happy
citzen4135,Pretty Happy
citzen4140,Pretty Happy
citzen4143,Pretty Happy
citzen4147,Pretty Happy
citzen4169,Pretty Happy
citzen4172,Pretty Happy
citzen4173,Pretty Happy
citzen4179,Pretty Happy
citzen4180,Pretty Happy
citzen4185,Pretty Happy
citzen4187,Pretty Happy
citzen42,Pretty Happy
citzen4223,Pretty Happy
citzen4231,Very Happy
citzen4233,Very Happy
citzen4238,Not Happy
citzen4239,Pretty Happy
citzen4240,Pretty Happy
citzen4241,Pretty Happy
citzen4248,Very Happy
citzen4250,Pretty Happy
citzen4251,Pretty Happy
citzen4256,Pretty Happy
citzen4259,Pretty Happy
citzen4267,Pretty Happy
citzen4269,Very Happy
citzen4270,Pretty Happy
citzen4272,Very Happy
citzen428,Pretty Happy
citzen4284,Very Happy
citzen429,Pretty Happy
citzen4296,Pretty Happy
citzen430,Pretty Happy
citzen4301,Very Happy
citzen4305,Pretty Happy
citzen4307,Pretty Happy
citzen4308,Pretty Happy
citzen4315,Pretty Happy
citzen4320,Pretty Happy
citzen4321,Pretty Happy
citzen4334,Pretty Happy
citzen434,Very Happy
citzen4345,Pretty Happy
citzen4349,Pretty Happy
citzen435,Pretty Happy
citzen4350,Pretty Happy
citzen4351,Pretty Happy
citzen4353,Pretty Happy
citzen4354,Pretty Happy
citzen4356,Pretty Happy
citzen4360,Very Happy
citzen4361,Pretty Happy
citzen4366,Pretty Happy
citzen4371,Pretty Happy
citzen4373,Pretty Happy
citzen439,Pretty Happy
citzen4395,Pretty Happy
citzen4402,Pretty Happy
citzen4410,Pretty Happy
citzen4414,Pretty Happy
citzen4417,Pretty Happy
citzen4421,Pretty Happy
citzen4424,Pretty Happy
citzen4428,Pretty Happy
citzen4435,Pretty Happy
citzen4447,Pretty Happy
citzen4450,Pretty Happy
citzen4456,Pretty Happy
citzen4458,Pretty Happy
citzen4460,Pretty Happy
citzen4463,Pretty Happy
citzen4478,Pretty Happy
citzen4485,Pretty Happy
citzen4486,Pretty Happy
citzen4493,Pretty Happy
citzen4498,Pretty Happy
citzen4499,Pretty Happy
citzen4501,Pretty Happy
citzen4506,Pretty Happy
citzen4508,Pretty Happy
citzen4512,Pretty Happy
citzen4516,Pretty Happy
citzen4517,Pretty Happy
citzen4522,Pretty Happy
citzen4524,Pretty Happy
citzen4531,Very Happy
citzen4539,Pretty Happy
citzen454,Pretty Happy
citzen4541,Very Happy
citzen4542,Pretty Happy
citzen4543,Pretty Happy
citzen4551,Pretty Happy
citzen4554,Pretty Happy
citzen456,Pretty Happy
citzen4561,Pretty Happy
citzen4563,Pretty Happy
citzen4567,Pretty Happy
citzen4575,Pretty Happy
citzen4578,Pretty Happy
citzen4588,Pretty Happy
citzen459,Pretty Happy
citzen4590,Pretty Happy
citzen4596,Pretty Happy
citzen4597,Pretty Happy
citzen4600,Pretty Happy
citzen4601,Very Happy
citzen4602,Pretty Happy
citzen4603,Very Happy
citzen4604,Pretty Happy
citzen4608,Pretty Happy
citzen4610,Pretty Happy
citzen4611,Pretty Happy
citzen4616,Pretty Happy
citzen462,Pretty Happy
citzen4622,Pretty Happy
citzen4623,Pretty Happy
citzen4624,Pretty Happy
citzen4629,Pretty Happy
citzen4630,Pretty Happy
citzen4637,Very Happy
citzen4639,Pretty Happy
citzen4640,Pretty Happy
citzen4642,Pretty Happy
citzen4647,Pretty Happy
citzen465,Pretty Happy
citzen4659,Pretty Happy
citzen466,Pretty Happy
citzen4660,Pretty Happy
citzen4666,Not Happy
citzen467,Pretty Happy
citzen4688,Pretty Happy
citzen4689,Very Happy
citzen4691,Pretty Happy
citzen4692,Pretty Happy
citzen4698,Very Happy
citzen4699,Pretty Happy
citzen470,Not Happy
citzen4701,Pretty Happy
citzen4703,Pretty Happy
citzen4708,Pretty Happy
citzen4709,Pretty Happy
citzen4710,Not Happy
citzen4714,Pretty Happy
citzen4717,Pretty Happy
citzen4722,Pretty Happy
citzen4724,Pretty Happy
citzen4726,Very Happy
citzen473,Pretty Happy
citzen4731,Pretty Happy
citzen4732,Very Happy
citzen4736,Pretty Happy
citzen4739,Pretty Happy
citzen4741,Pretty Happy
citzen4746,Pretty Happy
citzen4747,Pretty Happy
citzen475,Pretty Happy
citzen4751,Pretty Happy
citzen4752,Pretty Happy
citzen476,Pretty Happy
citzen4762,Very Happy
citzen4766,Pretty Happy
citzen4769,Pretty Happy
citzen4777,Pretty Happy
citzen4778,Pretty Happy
citzen478,Pretty Happy
citzen4787,Pretty Happy
citzen4794,Pretty Happy
citzen4799,Pretty Happy
citzen48,Pretty Happy
citzen480,Pretty Happy
citzen4800,Pretty Happy
citzen4801,Very Happy
citzen4804,Pretty Happy
citzen4808,Very Happy
citzen4809,Pretty Happy
citzen4816,Pretty Happy
citzen4818,Pretty Happy
citzen482,Pretty Happy
citzen4826,Pretty Happy
citzen4827,Pretty Happy
citzen4830,Pretty Happy
citzen4832,Pretty Happy
citzen4840,Pretty Happy
citzen4842,Pretty Happy
citzen4843,Pretty Happy
citzen4847,Pretty Happy
citzen4848,Pretty Happy
citzen4853,Pretty Happy
citzen4856,Pretty Happy
citzen4857,Pretty Happy
citzen4861,Pretty Happy
citzen4862,Pretty Happy
citzen4867,Pretty Happy
citzen4874,Pretty Happy
citzen4877,Pretty Happy
citzen4878,Very Happy
citzen4893,Very Happy
citzen4898,Very Happy
citzen4903,Very Happy
citzen4905,Very Happy
citzen4906,Pretty Happy
citzen4907,Pretty Happy
citzen4912,Very Happy
citzen4922,Pretty Happy
citzen4925,Very Happy
citzen4928,Pretty Happy
citzen493,Pretty Happy
citzen4932,Pretty Happy
citzen4935,Pretty Happy
citzen4948,Pretty Happy
citzen4957,Pretty Happy
citzen496,Pretty Happy
citzen4961,Pretty Happy
citzen4963,Pretty Happy
citzen4966,Very Happy
citzen4970,Pretty Happy
citzen4974,Not Happy
citzen4975,Pretty Happy
citzen4980,Pretty Happy
citzen4988,Pretty Happy
citzen499,Pretty Happy
citzen4991,Pretty Happy
citzen4999,Pretty Happy
citzen5001,Pretty Happy
citzen5002,Pretty Happy
citzen5003,Pretty Happy
citzen5008,Pretty Happy
citzen5011,Pretty Happy
citzen5015,Pretty Happy
citzen5018,Pretty Happy
citzen5026,Pretty Happy
citzen5027,Pretty Happy
citzen5030,Pretty Happy
citzen5032,Pretty Happy
citzen5034,Pretty Happy
citzen5040,Pretty Happy
citzen5050,Pretty Happy
citzen5053,Pretty Happy
citzen5054,Pretty Happy
citzen5070,Pretty Happy
citzen5073,Pretty Happy
citzen5076,Pretty Happy
citzen5081,Pretty Happy
citzen5087,Pretty Happy
citzen5092,Pretty Happy
citzen5099,Pretty Happy
citzen510,Very Happy
citzen5102,Pretty Happy
citzen5107,Not Happy
citzen5112,Pretty Happy
citzen512,Pretty Happy
citzen5121,Pretty Happy
citzen5137,Very Happy
citzen5138,Pretty Happy
citzen5142,Pretty Happy
citzen5146,Pretty Happy
citzen5154,Pretty Happy
citzen5158,Pretty Happy
citzen5161,Pretty Happy
citzen5165,Pretty Happy
citzen5168,Pretty Happy
citzen5169,Pretty Happy
citzen517,Pretty Happy
citzen5189,Pretty Happy
citzen5197,Very Happy
citzen5198,Pretty Happy
citzen5200,Pretty Happy
citzen5201,Pretty Happy
citzen5202,Pretty Happy
citzen5204,Pretty Happy
citzen5208,Very Happy
citzen5211,Pretty Happy
citzen5218,Very Happy
citzen5221,Pretty Happy
citzen523,Pretty Happy
citzen5232,Pretty Happy
citzen5233,Pretty Happy
citzen5234,Pretty Happy
citzen5235,Pretty Happy
citzen5236,Pretty Happy
citzen5240,Pretty Happy
citzen5247,Pretty Happy
citzen5249,Pretty Happy
citzen525,Pretty Happy
citzen5251,Pretty Happy
citzen5254,Pretty Happy
citzen5255,Pretty Happy
citzen5261,Pretty Happy
citzen5266,Pretty Happy
citzen528,Pretty Happy
citzen5282,Pretty Happy
citzen5283,Pretty Happy
citzen5289,Pretty Happy
citzen5290,Pretty Happy
citzen5293,Very Happy
citzen53,Pretty Happy
citzen5302,Pretty Happy
citzen5304,Pretty Happy
citzen5306,Pretty Happy
citzen5307,Pretty Happy
citzen5309,Pretty Happy
citzen5315,Pretty Happy
citzen5319,Not Happy
citzen5320,Pretty Happy
citzen5327,Very Happy
citzen5328,Pretty Happy
citzen5329,Pretty Happy
citzen5335,Pretty Happy
citzen5336,Not Happy
citzen5342,Pretty Happy
citzen5347,Pretty Happy
citzen5358,Pretty Happy
citzen5359,Pretty Happy
citzen536,Pretty Happy
citzen5361,Very Happy
citzen5366,Pretty Happy
citzen5375,Pretty Happy
citzen5376,Pretty Happy
citzen538,Pretty Happy
citzen5390,Pretty Happy
citzen5391,Pretty Happy
citzen5394,Pretty Happy
citzen5395,Pretty Happy
citzen5398,Pretty Happy
citzen5399,Pretty Happy
citzen54,Pretty Happy
citzen5403,Pretty Happy
citzen5405,Pretty Happy
citzen541,Pretty Happy
citzen5412,Pretty Happy
citzen5422,Pretty Happy
citzen5425,Pretty Happy
citzen5431,Pretty Happy
citzen5435,Pretty Happy
citzen544,Pretty Happy
citzen5442,Pretty Happy
citzen5443,Very Happy
citzen5444,Pretty Happy
citzen5446,Pretty Happy
citzen545,Pretty Happy
citzen5455,Pretty Happy
citzen5461,Pretty Happy
citzen5462,Pretty Happy
citzen5466,Pretty Happy
citzen5473,Pretty Happy
citzen5475,Pretty Happy
citzen5477,Pretty Happy
citzen5484,Pretty Happy
citzen5488,Pretty Happy
citzen5489,Pretty Happy
citzen5495,Pretty Happy
citzen5504,Pretty Happy
citzen5508,Pretty Happy
citzen5509,Pretty Happy
citzen551,Pretty Happy
citzen5510,Pretty Happy
citzen5515,Pretty Happy
citzen5518,Pretty Happy
citzen5520,Pretty Happy
citzen553,Very Happy
citzen5534,Very Happy
citzen5538,Pretty Happy
citzen5542,Pretty Happy
citzen556,Pretty Happy
citzen5560,Pretty Happy
citzen5563,Pretty Happy
citzen5568,Pretty Happy
citzen557,Pretty Happy
citzen5570,Pretty Happy
citzen5573,Pretty Happy
citzen5576,Pretty Happy
citzen5577,Pretty Happy
citzen5587,Pretty Happy
citzen5588,Pretty Happy
citzen559,Very Happy
citzen5590,Very Happy
citzen5597,Pretty Happy
citzen56,Pretty Happy
citzen5601,Pretty Happy
citzen5604,Pretty Happy
citzen5608,Pretty Happy
citzen5609,Pretty Happy
citzen561,Pretty Happy
citzen5613,Pretty Happy
citzen5617,Pretty Happy
citzen5620,Pretty Happy
citzen5623,Pretty Happy
citzen5628,Pretty Happy
citzen5630,Not Happy
citzen5631,Pretty Happy
citzen5634,Very Happy
citzen5635,Pretty Happy
citzen5638,Very Happy
citzen5644,Pretty Happy
citzen5647,Pretty Happy
citzen5649,Pretty Happy
citzen565,Very Happy
citzen5650,Pretty Happy
citzen5652,Pretty Happy
citzen5654,Not Happy
citzen5662,Pretty Happy
citzen5664,Pretty Happy
citzen5665,Pretty Happy
citzen5666,Pretty Happy
citzen5668,Pretty Happy
citzen567,Pretty Happy
citzen5673,Pretty Happy
citzen568,Pretty Happy
citzen5685,Pretty Happy
citzen569,Pretty Happy
citzen5691,Pretty Happy
citzen5694,Pretty Happy
citzen5705,Very Happy
citzen5719,Pretty Happy
citzen5727,Pretty Happy
citzen5731,Pretty Happy
citzen5737,Pretty Happy
citzen5738,Pretty Happy
citzen5741,Pretty Happy
citzen5744,Pretty Happy
citzen5747,Pretty Happy
citzen5748,Pretty Happy
citzen5749,Pretty Happy
citzen575,Pretty Happy
citzen5750,Pretty Happy
citzen5754,Pretty Happy
citzen576,Pretty Happy
citzen5760,Pretty Happy
citzen5782,Pretty Happy
citzen5787,Pretty Happy
citzen5788,Pretty Happy
citzen5793,Pretty Happy
citzen5794,Pretty Happy
citzen580,Pretty Happy
citzen5802,Pretty Happy
citzen5803,Pretty Happy
citzen5807,Pretty Happy
citzen5808,Pretty Happy
citzen5810,Very Happy
citzen5813,Pretty Happy
citzen5814,Pretty Happy
citzen5817,Pretty Happy
citzen5826,Very Happy
citzen5834,Pretty Happy
citzen5835,Pretty Happy
citzen585,Pretty Happy
citzen5854,Pretty Happy
citzen5860,Pretty Happy
citzen5861,Pretty Happy
citzen5865,Pretty Happy
citzen5867,Pretty Happy
citzen5870,Pretty Happy
citzen5871,Pretty Happy
citzen5877,Very Happy
citzen5878,Pretty Happy
citzen5882,Pretty Happy
citzen5885,Pretty Happy
citzen5888,Pretty Happy
citzen589,Pretty Happy
citzen5890,Pretty Happy
citzen5894,Pretty Happy
citzen5895,Pretty Happy
citzen5899,Pretty Happy
citzen59,Pretty Happy
citzen590,Pretty Happy
citzen5904,Pretty Happy
citzen5905,Pretty Happy
citzen5906,Pretty Happy
citzen5908,Pretty Happy
citzen5919,Pretty Happy
citzen5920,Pretty Happy
citzen5921,Very Happy
citzen5922,Pretty Happy
citzen5925,Pretty Happy
citzen5927,Pretty Happy
citzen5930,Pretty Happy
citzen594,Pretty Happy
citzen5940,Pretty Happy
citzen5942,Pretty Happy
citzen5947,Very Happy
citzen5949,Very Happy
citzen595,Pretty Happy
citzen5952,Pretty Happy
citzen5955,Pretty Happy
citzen5963,Pretty Happy
citzen5974,Pretty Happy
citzen5976,Pretty Happy
citzen5978,Pretty Happy
citzen598,Pretty Happy
citzen5980,Pretty Happy
citzen5994,Pretty Happy
citzen5996,Pretty Happy
citzen6007,Pretty Happy
citzen6009,Pretty Happy
citzen6010,Pretty Happy
citzen6015,Pretty Happy
citzen6016,Pretty Happy
citzen6017,Very Happy
citzen6029,Pretty Happy
citzen6037,Pretty Happy
citzen6039,Pretty Happy
citzen6040,Pretty Happy
citzen6047,Very Happy
citzen6048,Pretty Happy
citzen605,Pretty Happy
citzen606,Pretty Happy
citzen6061,Pretty Happy
citzen6067,Pretty Happy
citzen6072,Pretty Happy
citzen6074,Pretty Happy
citzen6078,Pretty Happy
citzen6081,Very Happy
citzen6082,Pretty Happy
citzen6083,Pretty Happy
citzen6090,Pretty Happy
citzen6094,Pretty Happy
citzen6095,Pretty Happy
citzen6100,Pretty Happy
citzen6104,Pretty Happy
citzen6105,Pretty Happy
citzen6108,Very Happy
citzen6110,Pretty Happy
citzen6113,Pretty Happy
citzen6119,Pretty Happy
citzen612,Pretty Happy
citzen6123,Pretty Happy
citzen6127,Pretty Happy
citzen6132,Pretty Happy
citzen6133,Very Happy
citzen6135,Pretty Happy
citzen6140,Pretty Happy
citzen6150,Pretty Happy
citzen6155,Pretty Happy
citzen6164,Pretty Happy
citzen6165,Pretty Happy
citzen6168,Pretty Happy
citzen6173,Pretty Happy
citzen6174,Pretty Happy
citzen6185,Pretty Happy
citzen6195,Pretty Happy
citzen6196,Pretty Happy
citzen6200,Pretty Happy
citzen621,Pretty Happy
citzen6211,Pretty Happy
citzen6212,Pretty Happy
citzen6217,Very Happy
citzen6227,Pretty Happy
citzen6230,Pretty Happy
citzen6234,Pretty Happy
citzen6240,Pretty Happy
citzen6243,Pretty Happy
citzen626,Pretty Happy
citzen6260,Pretty Happy
citzen6261,Pretty Happy
citzen6263,Pretty Happy
citzen6270,Very Happy
citzen6275,Pretty Happy
citzen6278,Not Happy
citzen6279,Pretty Happy
citzen6280,Pretty Happy
citzen6285,Pretty Happy
citzen6290,Pretty Happy
citzen6291,Pretty Happy
citzen6306,Pretty Happy
citzen6310,Pretty Happy
citzen6321,Pretty Happy
citzen6330,Pretty Happy
citzen6331,Very Happy
citzen6334,Pretty Happy
citzen6339,Pretty Happy
citzen6356,Pretty Happy
citzen6358,Pretty Happy
citzen6366,Pretty Happy
citzen6370,Pretty Happy
citzen6383,Pretty Happy
citzen6385,Pretty Happy
citzen6388,Pretty Happy
citzen6390,Pretty Happy
citzen6396,Pretty Happy
citzen6403,Pretty Happy
citzen6417,Pretty Happy
citzen6423,Pretty Happy
citzen6426,Pretty Happy
citzen6430,Pretty Happy
citzen6436,Very Happy
citzen6446,Pretty Happy
citzen6447,Pretty Happy
citzen645,Pretty Happy
citzen6451,Pretty Happy
citzen6461,Pretty Happy
citzen6462,Pretty Happy
citzen6467,Pretty Happy
citzen647,Pretty Happy
citzen6475,Pretty Happy
citzen6476,Pretty Happy
citzen6485,Pretty Happy
citzen6488,Pretty Happy
citzen6489,Pretty Happy
citzen6494,Pretty Happy
citzen6496,Pretty Happy
citzen6500,Very Happy
citzen6504,Pretty Happy
citzen6507,Pretty Happy
citzen6508,Pretty Happy
citzen6509,Pretty Happy
citzen6515,Pretty Happy
citzen6517,Pretty Happy
citzen6521,Pretty Happy
citzen6524,Pretty Happy
citzen6528,Pretty Happy
citzen6529,Pretty Happy
citzen6530,Pretty Happy
citzen6533,Pretty Happy
citzen6534,Pretty Happy
citzen6535,Pretty Happy
citzen6539,Pretty Happy
citzen6541,Pretty Happy
citzen6545,Pretty Happy
citzen6568,Pretty Happy
citzen6569,Pretty Happy
citzen657,Pretty Happy
citzen6572,Pretty Happy
citzen6574,Pretty Happy
citzen6575,Pretty Happy
citzen6579,Pretty Happy
citzen658,Pretty Happy
citzen6580,Pretty Happy
citzen6582,Not Happy
citzen6584,Pretty Happy
citzen6591,Pretty Happy
citzen6598,Pretty Happy
citzen660,Pretty Happy
citzen6604,Pretty Happy
citzen6606,Pretty Happy
citzen6608,Pretty Happy
citzen6615,Very Happy
citzen6616,Pretty Happy
citzen6618,Pretty Happy
citzen6625,Pretty Happy
citzen6631,Pretty Happy
citzen6634,Pretty Happy
citzen6645,Pretty Happy
citzen6646,Pretty Happy
citzen665,Pretty Happy
citzen6651,Pretty Happy
citzen6656,Pretty Happy
citzen6660,Pretty Happy
citzen6661,Pretty Happy
citzen6662,Pretty Happy
citzen6664,Pretty Happy
citzen6666,Very Happy
citzen6667,Pretty Happy
citzen6668,Pretty Happy
citzen6683,Pretty Happy
citzen6684,Pretty Happy
citzen6686,Pretty Happy
citzen6692,Pretty Happy
citzen6693,Pretty Happy
citzen6705,Pretty Happy
citzen6706,Pretty Happy
citzen6711,Pretty Happy
citzen6718,Pretty Happy
citzen6722,Pretty Happy
citzen6724,Pretty Happy
citzen6725,Pretty Happy
citzen6737,Pretty Happy
citzen6738,Pretty Happy
citzen6745,Pretty Happy
citzen6749,Pretty Happy
citzen6750,Pretty Happy
citzen6756,Pretty Happy
citzen6757,Pretty Happy
citzen6763,Pretty Happy
citzen6764,Pretty Happy
citzen6765,Pretty Happy
citzen6767,Pretty Happy
citzen6769,Pretty Happy
citzen6773,Pretty Happy
citzen6778,Pretty Happy
citzen6783,Pretty Happy
citzen6785,Pretty Happy
citzen6787,Pretty Happy
citzen6791,Pretty Happy
citzen6797,Pretty Happy
citzen68,Pretty Happy
citzen680,Pretty Happy
citzen6806,Pretty Happy
citzen6808,Pretty Happy
citzen6813,Pretty Happy
citzen6814,Pretty Happy
citzen6817,Pretty Happy
citzen6818,Pretty Happy
citzen682,Pretty Happy
citzen6822,Pretty Happy
citzen6823,Pretty Happy
citzen683,Pretty Happy
citzen6831,Pretty Happy
citzen6835,Pretty Happy
citzen6842,Pretty Happy
citzen6851,Pretty Happy
citzen6852,Very Happy
citzen6857,Pretty Happy
citzen6859,Pretty Happy
citzen686,Very Happy
citzen6866,Pretty Happy
citzen6877,Pretty Happy
citzen6878,Pretty Happy
citzen6879,Pretty Happy
citzen6885,Pretty Happy
citzen6886,Pretty Happy
citzen6892,Pretty Happy
citzen6894,Very Happy
citzen6900,Pretty Happy
citzen6903,Very Happy
citzen6908,Pretty Happy
citzen6916,Pretty Happy
citzen692,Pretty Happy
citzen6920,Pretty Happy
citzen6921,Very Happy
citzen6929,Pretty Happy
citzen6935,Pretty Happy
citzen6937,Pretty Happy
citzen6938,Pretty Happy
citzen6957,Pretty Happy
citzen696,Pretty Happy
citzen6960,Pretty Happy
citzen6961,Pretty Happy
citzen6964,Pretty Happy
citzen6973,Pretty Happy
citzen6979,Pretty Happy
citzen6981,Pretty Happy
citzen6998,Pretty Happy
citzen7,Pretty Happy
citzen7004,Very Happy
citzen701,Pretty Happy
citzen7011,Pretty Happy
citzen7013,Pretty Happy
citzen7016,Pretty Happy
citzen7024,Pretty Happy
citzen7035,Pretty Happy
citzen7037,Pretty Happy
citzen7038,Pretty Happy
citzen7040,Very Happy
citzen7044,Pretty Happy
citzen7046,Pretty Happy
citzen7047,Very Happy
citzen7048,Pretty Happy
citzen7054,Pretty Happy
citzen7057,Pretty Happy
citzen7066,Pretty Happy
citzen7074,Pretty Happy
citzen7076,Pretty Happy
citzen7079,Pretty Happy
citzen7083,Pretty Happy
citzen7093,Pretty Happy
citzen7094,Pretty Happy
citzen7098,Very Happy
citzen7099,Pretty Happy
citzen7100,Pretty Happy
citzen7104,Pretty Happy
citzen7105,Pretty Happy
citzen7106,Pretty Happy
citzen7111,Pretty Happy
citzen7115,Pretty Happy
citzen7118,Pretty Happy
citzen7127,Pretty Happy
citzen7130,Pretty Happy
citzen7133,Pretty Happy
citzen7135,Pretty Happy
citzen7138,Pretty Happy
citzen7141,Pretty Happy
citzen7145,Pretty Happy
citzen7152,Pretty Happy
citzen716,Pretty Happy
citzen7163,Pretty Happy
citzen7164,Pretty Happy
citzen7165,Pretty Happy
citzen7167,Pretty Happy
citzen7169,Pretty Happy
citzen7173,Pretty Happy
citzen7186,Pretty Happy
citzen719,Very Happy
citzen7194,Pretty Happy
citzen7195,Pretty Happy
citzen720,Pretty Happy
citzen7201,Pretty Happy
citzen7208,Pretty Happy
citzen721,Pretty Happy
citzen7213,Pretty Happy
citzen7218,Pretty Happy
citzen7221,Pretty Happy
citzen7225,Pretty Happy
citzen7228,Pretty Happy
citzen7234,Pretty Happy
citzen7239,Pretty Happy
citzen7241,Pretty Happy
citzen7242,Pretty Happy
citzen7245,Pretty Happy
citzen7252,Pretty Happy
citzen7262,Pretty Happy
citzen7272,Pretty Happy
citzen7273,Pretty Happy
citzen7276,Pretty Happy
citzen7286,Pretty Happy
citzen7291,Pretty Happy
citzen7292,Pretty Happy
citzen7311,Very Happy
citzen7319,Very Happy
citzen732,Pretty Happy
citzen7322,Pretty Happy
citzen7324,Pretty Happy
citzen7327,Pretty Happy
citzen7329,Pretty Happy
citzen7330,Pretty Happy
citzen7333,Pretty Happy
citzen7336,Pretty Happy
citzen734,Pretty Happy
citzen7344,Pretty Happy
citzen7348,Pretty Happy
citzen7352,Pretty Happy
citzen7354,Pretty Happy
citzen7357,Pretty Happy
citzen7358,Pretty Happy
citzen736,Pretty Happy
citzen7374,Pretty Happy
citzen7375,Pretty Happy
citzen7384,Pretty Happy
citzen7386,Very Happy
citzen7398,Pretty Happy
citzen74,Very Happy
citzen740,Pretty Happy
citzen7403,Pretty Happy
citzen7406,Pretty Happy
citzen7409,Pretty Happy
citzen7411,Pretty Happy
citzen7412,Pretty Happy
citzen7415,Pretty Happy
citzen7416,Pretty Happy
citzen7421,Pretty Happy
citzen7424,Pretty Happy
citzen7425,Pretty Happy
citzen7431,Pretty Happy
citzen7433,Pretty Happy
citzen7436,Very Happy
citzen7443,Pretty Happy
citzen7445,Pretty Happy
citzen7449,Pretty Happy
citzen745,Pretty Happy
citzen7450,Pretty Happy
citzen7454,Pretty Happy
citzen746,Very Happy
citzen7460,Pretty Happy
citzen7461,Pretty Happy
citzen7467,Very Happy
citzen7471,Pretty Happy
citzen7472,Pretty Happy
citzen7474,Pretty Happy
citzen7475,Pretty Happy
citzen7476,Pretty Happy
citzen7480,Pretty Happy
citzen7483,Pretty Happy
citzen7485,Very Happy
citzen7486,Pretty Happy
citzen749,Pretty Happy
citzen7490,Very Happy
citzen7492,Pretty Happy
citzen7496,Pretty Happy
citzen7497,Pretty Happy
citzen75,Pretty Happy
citzen7506,Pretty Happy
citzen7508,Pretty Happy
citzen7511,Pretty Happy
citzen7518,Pretty Happy
citzen7519,Pretty Happy
citzen752,Pretty Happy
citzen7525,Pretty Happy
citzen7530,Pretty Happy
citzen7531,Pretty Happy
citzen7532,Pretty Happy
citzen7547,Pretty Happy
citzen755,Pretty Happy
citzen7556,Very Happy
citzen7557,Pretty Happy
citzen7563,Pretty Happy
citzen7573,Pretty Happy
citzen7583,Pretty Happy
citzen7584,Pretty Happy
citzen7586,Pretty Happy
citzen7591,Pretty Happy
citzen7597,Pretty Happy
citzen7606,Pretty Happy
citzen7615,Pretty Happy
citzen7622,Pretty Happy
citzen7629,Pretty Happy
citzen763,Pretty Happy
citzen7634,Pretty Happy
citzen7637,Pretty Happy
citzen764,Pretty Happy
citzen7640,Very Happy
citzen7652,Pretty Happy
citzen7655,Pretty Happy
citzen7658,Pretty Happy
citzen7660,Pretty Happy
citzen7662,Pretty Happy
citzen7668,Pretty Happy
citzen767,Pretty Happy
citzen768,Pretty Happy
citzen7681,Pretty Happy
citzen7691,Pretty Happy
citzen7698,Pretty Happy
citzen7704,Pretty Happy
citzen7705,Pretty Happy
citzen771,Pretty Happy
citzen7711,Pretty Happy
citzen7717,Pretty Happy
citzen7718,Pretty Happy
citzen7720,Very Happy
citzen7725,Pretty Happy
citzen7729,Pretty Happy
citzen7730,Pretty Happy
citzen7731,Pretty Happy
citzen774,Pretty Happy
citzen7740,Pretty Happy
citzen7741,Pretty Happy
citzen7744,Pretty Happy
citzen7746,Pretty Happy
citzen775,Pretty Happy
citzen7763,Pretty Happy
citzen7764,Very Happy
citzen7766,Pretty Happy
citzen7774,Pretty Happy
citzen7777,Pretty Happy
citzen7778,Pretty Happy
citzen7781,Very Happy
citzen7782,Pretty Happy
citzen7785,Pretty Happy
citzen7795,Pretty Happy
citzen7798,Pretty Happy
citzen780,Very Happy
citzen7804,Pretty Happy
citzen781,Pretty Happy
citzen7811,Very Happy
citzen7813,Pretty Happy
citzen7815,Pretty Happy
citzen7834,Pretty Happy
citzen7835,Pretty Happy
citzen7840,Pretty Happy
citzen7850,Pretty Happy
citzen7857,Pretty Happy
citzen7870,Pretty Happy
citzen7876,Pretty Happy
citzen7879,Pretty Happy
citzen7881,Very Happy
citzen7882,Pretty Happy
citzen7884,Pretty Happy
citzen7891,Very Happy
citzen790,Very Happy
citzen7900,Pretty Happy
citzen7902,Pretty Happy
citzen7912,Pretty Happy
citzen7914,Pretty Happy
citzen7919,Pretty Happy
citzen7922,Pretty Happy
citzen7928,Pretty Happy
citzen7929,Pretty Happy
citzen7931,Very Happy
citzen7941,Pretty Happy
citzen7942,Pretty Happy
citzen7944,Pretty Happy
citzen7945,Very Happy
citzen7957,Pretty Happy
citzen7959,Pretty Happy
citzen7964,Pretty Happy
citzen7965,Very Happy
citzen7968,Pretty Happy
citzen7972,Pretty Happy
citzen7976,Pretty Happy
citzen7978,Pretty Happy
citzen7980,Pretty Happy
citzen7992,Pretty Happy
citzen7993,Pretty Happy
citzen7998,Pretty Happy
citzen8,Pretty Happy
citzen8000,Pretty Happy
citzen8002,Pretty Happy
citzen8003,Pretty Happy
citzen8004,Pretty Happy
citzen801,Pretty Happy
citzen8012,Pretty Happy
citzen8014,Pretty Happy
citzen8016,Pretty Happy
citzen8028,Pretty Happy
citzen8040,Pretty Happy
citzen8046,Pretty Happy
citzen8047,Pretty Happy
citzen8048,Pretty Happy
citzen805,Pretty Happy
citzen8055,Pretty Happy
citzen8057,Pretty Happy
citzen8060,Pretty Happy
citzen8068,Pretty Happy
citzen8069,Pretty Happy
citzen8077,Pretty Happy
citzen8083,Pretty Happy
citzen8091,Pretty Happy
citzen8093,Pretty Happy
citzen8097,Pretty Happy
citzen8099,Pretty Happy
citzen8100,Pretty Happy
citzen8107,Pretty Happy
citzen8111,Pretty Happy
citzen8116,Pretty Happy
citzen812,Pretty Happy
citzen8123,Pretty Happy
citzen813,Very Happy
citzen8130,Pretty Happy
citzen8131,Pretty Happy
citzen8137,Pretty Happy
citzen8139,Pretty Happy
citzen8142,Pretty Happy
citzen8146,Pretty Happy
citzen815,Pretty Happy
citzen8153,Pretty Happy
citzen8156,Pretty Happy
citzen8157,Pretty Happy
citzen8160,Pretty Happy
citzen8164,Pretty Happy
citzen8167,Pretty Happy
citzen8168,Pretty Happy
citzen8171,Pretty Happy
citzen8173,Very Happy
citzen8174,Pretty Happy
citzen8175,Pretty Happy
citzen8186,Pretty Happy
citzen8190,Pretty Happy
citzen8193,Pretty Happy
citzen82,Very Happy
citzen8201,Not Happy
citzen8205,Pretty Happy
citzen821,Pretty Happy
citzen8210,Pretty Happy
citzen8212,Pretty Happy
citzen8215,Pretty Happy
citzen822,Pretty Happy
citzen8222,Pretty Happy
citzen823,Pretty Happy
citzen8247,Pretty Happy
citzen8248,Pretty Happy
citzen825,Pretty Happy
citzen8254,Pretty Happy
citzen8255,Pretty Happy
citzen8256,Pretty Happy
citzen827,Pretty Happy
citzen8270,Very Happy
citzen828,Pretty Happy
citzen8281,Pretty Happy
citzen8295,Pretty Happy
citzen8296,Pretty Happy
citzen8309,Pretty Happy
citzen831,Pretty Happy
citzen8315,Pretty Happy
citzen8317,Pretty Happy
citzen833,Very Happy
citzen8340,Pretty Happy
citzen8341,Pretty Happy
citzen8344,Pretty Happy
citzen8345,Pretty Happy
citzen8349,Pretty Happy
citzen8351,Pretty Happy
citzen8355,Pretty Happy
citzen8356,Pretty Happy
citzen8360,Pretty Happy
citzen8368,Pretty Happy
citzen8374,Pretty Happy
citzen8377,Pretty Happy
citzen8378,Pretty Happy
citzen8380,Pretty Happy
citzen8381,Pretty Happy
citzen8382,Pretty Happy
citzen8383,Pretty Happy
citzen8387,Very Happy
citzen8388,Pretty Happy
citzen8389,Pretty Happy
citzen839,Pretty Happy
citzen8391,Pretty Happy
citzen8393,Pretty Happy
citzen8395,Pretty Happy
citzen8396,Very Happy
citzen8405,Pretty Happy
citzen8406,Pretty Happy
citzen8408,Pretty Happy
citzen8409,Pretty Happy
citzen8414,Pretty Happy
citzen8415,Very Happy
citzen8417,Pretty Happy
citzen8418,Pretty Happy
citzen8419,Pretty Happy
citzen8426,Pretty Happy
citzen843,Pretty Happy
citzen8432,Pretty Happy
citzen8435,Pretty Happy
citzen844,Pretty Happy
citzen8440,Pretty Happy
citzen8442,Pretty Happy
citzen8447,Pretty Happy
citzen8452,Pretty Happy
citzen8456,Not Happy
citzen8460,Pretty Happy
citzen8462,Pretty Happy
citzen8467,Pretty Happy
citzen8468,Pretty Happy
citzen8471,Pretty Happy
citzen8472,Pretty Happy
citzen8478,Pretty Happy
citzen8483,Pretty Happy
citzen8485,Pretty Happy
citzen8489,Pretty Happy
citzen8491,Pretty Happy
citzen8494,Very Happy
citzen8495,Pretty Happy
citzen8496,Pretty Happy
citzen8498,Pretty Happy
citzen851,Pretty Happy
citzen8512,Pretty Happy
citzen852,Pretty Happy
citzen8526,Pretty Happy
citzen8528,Pretty Happy
citzen8534,Pretty Happy
citzen8537,Pretty Happy
citzen8555,Pretty Happy
citzen8557,Pretty Happy
citzen8564,Pretty Happy
citzen8571,Pretty Happy
citzen8575,Pretty Happy
citzen8578,Pretty Happy
citzen8579,Pretty Happy
citzen8581,Pretty Happy
citzen8582,Pretty Happy
citzen8584,Pretty Happy
citzen8589,Pretty Happy
citzen8595,Pretty Happy
citzen8599,Pretty Happy
citzen86,Very Happy
citzen8601,Pretty Happy
citzen8603,Very Happy
citzen8607,Pretty Happy
citzen8616,Pretty Happy
citzen8622,Pretty Happy
citzen8626,Pretty Happy
citzen8630,Pretty Happy
citzen8636,Pretty Happy
citzen8641,Pretty Happy
citzen8645,Pretty Happy
citzen8646,Pretty Happy
citzen8647,Pretty Happy
citzen8648,Pretty Happy
citzen8656,Pretty Happy
citzen866,Pretty Happy
citzen8664,Pretty Happy
citzen8667,Pretty Happy
citzen8668,Pretty Happy
citzen8675,Very Happy
citzen868,Pretty Happy
citzen8682,Pretty Happy
citzen8684,Pretty Happy
citzen8685,Pretty Happy
citzen8691,Pretty Happy
citzen8697,Pretty Happy
citzen8699,Pretty Happy
citzen870,Pretty Happy
citzen8707,Pretty Happy
citzen8716,Pretty Happy
citzen8717,Pretty Happy
citzen8718,Pretty Happy
citzen8726,Pretty Happy
citzen8729,Pretty Happy
citzen8732,Pretty Happy
citzen8735,Very Happy
citzen8737,Pretty Happy
citzen8742,Not Happy
citzen8744,Very Happy
citzen8745,Pretty Happy
citzen8747,Pretty Happy
citzen8749,Pretty Happy
citzen8751,Pretty Happy
citzen8754,Pretty Happy
citzen8755,Pretty Happy
citzen8756,Pretty Happy
citzen8760,Pretty Happy
citzen8768,Pretty Happy
citzen8769,Pretty Happy
citzen8772,Very Happy
citzen8773,Pretty Happy
citzen8787,Pretty Happy
citzen8796,Pretty Happy
citzen8805,Pretty Happy
citzen8807,Pretty Happy
citzen8808,Pretty Happy
citzen8817,Pretty Happy
citzen8821,Very Happy
citzen8824,Pretty Happy
citzen8825,Pretty Happy
citzen8830,Pretty Happy
citzen8832,Pretty Happy
citzen884,Pretty Happy
citzen8844,Pretty Happy
citzen8848,Pretty Happy
citzen885,Pretty Happy
citzen8855,Pretty Happy
citzen8858,Pretty Happy
citzen8859,Pretty Happy
citzen8861,Pretty Happy
citzen8866,Pretty Happy
citzen8870,Pretty Happy
citzen8874,Pretty Happy
citzen8880,Not Happy
citzen8884,Pretty Happy
citzen8885,Pretty Happy
citzen8889,Pretty Happy
citzen889,Pretty Happy
citzen8890,Pretty Happy
citzen8895,Pretty Happy
citzen8897,Pretty Happy
citzen8898,Not Happy
citzen8900,Pretty Happy
citzen8902,Pretty Happy
citzen8904,Pretty Happy
citzen8906,Pretty Happy
citzen8909,Pretty Happy
citzen8911,Pretty Happy
citzen8913,Pretty Happy
citzen8916,Pretty Happy
citzen8921,Pretty Happy
citzen8922,Pretty Happy
citzen893,Pretty Happy
citzen8932,Pretty Happy
citzen8934,Pretty Happy
citzen8944,Pretty Happy
citzen8945,Pretty Happy
citzen895,Pretty Happy
citzen8950,Pretty Happy
citzen8954,Very Happy
citzen8956,Pretty Happy
citzen8959,Pretty Happy
citzen8970,Pretty Happy
citzen8988,Very Happy
citzen8989,Pretty Happy
citzen90,Pretty Happy
citzen9002,Pretty Happy
citzen9009,Pretty Happy
citzen9010,Pretty Happy
citzen9011,Very Happy
citzen9013,Pretty Happy
citzen9019,Pretty Happy
citzen902,Pretty Happy
citzen9021,Pretty Happy
citzen9027,Pretty Happy
citzen9028,Pretty Happy
citzen9040,Pretty Happy
citzen9043,Not Happy
citzen9045,Pretty Happy
citzen9046,Pretty Happy
citzen9052,Pretty Happy
citzen9060,Pretty Happy
citzen9063,Pretty Happy
citzen9066,Pretty Happy
citzen9080,Pretty Happy
citzen9085,Pretty Happy
citzen909,Very Happy
citzen9090,Pretty Happy
citzen9095,Pretty Happy
citzen9115,Pretty Happy
citzen9130,Pretty Happy
citzen9133,Pretty Happy
citzen9145,Very Happy
citzen9147,Pretty Happy
citzen9151,Pretty Happy
citzen9156,Pretty Happy
citzen916,Pretty Happy
citzen9160,Not Happy
citzen9169,Pretty Happy
citzen917,Pretty Happy
citzen9174,Pretty Happy
citzen9176,Very Happy
citzen9181,Pretty Happy
citzen9186,Pretty Happy
citzen9193,Pretty Happy
citzen9198,Pretty Happy
citzen92,Pretty Happy
citzen920,Pretty Happy
citzen9201,Pretty Happy
citzen9203,Very Happy
citzen9206,Pretty Happy
citzen9207,Not Happy
citzen9213,Very Happy
citzen9222,Pretty Happy
citzen9225,Very Happy
citzen9227,Pretty Happy
citzen9231,Pretty Happy
citzen9239,Pretty Happy
citzen9243,Pretty Happy
citzen9248,Pretty Happy
citzen925,Pretty Happy
citzen9250,Pretty Happy
citzen9254,Pretty Happy
citzen9260,Very Happy
citzen9262,Pretty Happy
citzen9263,Pretty Happy
citzen9267,Pretty Happy
citzen9270,Pretty Happy
citzen9273,Pretty Happy
citzen9275,Pretty Happy
citzen9279,Pretty Happy
citzen9280,Pretty Happy
citzen9284,Pretty Happy
citzen929,Pretty Happy
citzen9303,Pretty Happy
citzen9304,Very Happy
citzen9305,Pretty Happy
citzen9306,Pretty Happy
citzen9307,Pretty Happy
citzen9308,Pretty Happy
citzen9314,Pretty Happy
citzen9324,Pretty Happy
citzen9327,Pretty Happy
citzen9328,Pretty Happy
citzen9332,Pretty Happy
citzen9338,Not Happy
citzen934,Pretty Happy
citzen9342,Pretty Happy
citzen9345,Pretty Happy
citzen9347,Pretty Happy
citzen9353,Pretty Happy
citzen9369,Pretty Happy
citzen937,Pretty Happy
citzen9376,Pretty Happy
citzen9378,Pretty Happy
citzen9382,Very Happy
citzen9392,Pretty Happy
citzen9396,Pretty Happy
citzen9406,Pretty Happy
citzen9407,Very Happy
citzen9411,Pretty Happy
citzen9417,Pretty Happy
citzen9419,Pretty Happy
citzen9428,Pretty Happy
citzen9443,Pretty Happy
citzen9445,Pretty Happy
citzen9450,Pretty Happy
citzen9453,Pretty Happy
citzen9477,Pretty Happy
citzen9484,Pretty Happy
citzen9485,Pretty Happy
citzen9486,Pretty Happy
citzen9489,Pretty Happy
citzen9493,Pretty Happy
citzen9498,Pretty Happy
citzen9501,Pretty Happy
citzen9508,Very Happy
citzen9521,Pretty Happy
citzen9529,Pretty Happy
citzen9537,Pretty Happy
citzen9538,Pretty Happy
citzen9539,Pretty Happy
citzen9540,Not Happy
citzen9544,Pretty Happy
citzen9548,Pretty Happy
citzen9549,Pretty Happy
citzen9557,Pretty Happy
citzen9565,Pretty Happy
citzen9572,Pretty Happy
citzen9581,Pretty Happy
citzen9583,Pretty Happy
citzen9588,Pretty Happy
citzen9589,Pretty Happy
citzen9592,Very Happy
citzen9593,Pretty Happy
citzen9594,Pretty Happy
citzen960,Very Happy
citzen9604,Pretty Happy
citzen9613,Pretty Happy
citzen9618,Pretty Happy
citzen9620,Pretty Happy
citzen9622,Pretty Happy
citzen9623,Pretty Happy
citzen9624,Pretty Happy
citzen9630,Pretty Happy
citzen9632,Pretty Happy
citzen9639,Pretty Happy
citzen9643,Pretty Happy
citzen9648,Pretty Happy
citzen9655,Pretty Happy
citzen9661,Pretty Happy
citzen9665,Pretty Happy
citzen9672,Pretty Happy
citzen9674,Pretty Happy
citzen9684,Pretty Happy
citzen969,Pretty Happy
citzen9693,Pretty Happy
citzen97,Pretty Happy
citzen9701,Pretty Happy
citzen9704,Pretty Happy
citzen9706,Pretty Happy
citzen9708,Very Happy
citzen9711,Pretty Happy
citzen9715,Pretty Happy
citzen9718,Pretty Happy
citzen972,Pretty Happy
citzen9729,Pretty Happy
citzen9734,Very Happy
citzen9737,Pretty Happy
citzen9738,Pretty Happy
citzen9739,Pretty Happy
citzen9744,Pretty Happy
citzen9752,Pretty Happy
citzen9753,Pretty Happy
citzen9756,Pretty Happy
citzen976,Pretty Happy
citzen9763,Pretty Happy
citzen9766,Pretty Happy
citzen9767,Pretty Happy
citzen9768,Pretty Happy
citzen9774,Pretty Happy
citzen9778,Pretty Happy
citzen9794,Pretty Happy
citzen9798,Pretty Happy
citzen9804,Very Happy
citzen9806,Pretty Happy
citzen9807,Pretty Happy
citzen9808,Pretty Happy
citzen9813,Pretty Happy
citzen9816,Very Happy
citzen9822,Pretty Happy
citzen9825,Pretty Happy
citzen9828,Pretty Happy
citzen9835,Pretty Happy
citzen9842,Pretty Happy
citzen9846,Pretty Happy
citzen9847,Pretty Happy
citzen985,Pretty Happy
citzen9851,Pretty Happy
citzen9853,Pretty Happy
citzen9854,Pretty Happy
citzen9857,Pretty Happy
citzen9858,Pretty Happy
citzen986,Pretty Happy
citzen9863,Pretty Happy
citzen9866,Pretty Happy
citzen9873,Pretty Happy
citzen9874,Pretty Happy
citzen9877,Pretty Happy
citzen9887,Pretty Happy
citzen9890,Pretty Happy
citzen9894,Pretty Happy
citzen9902,Pretty Happy
citzen9903,Pretty Happy
citzen9909,Pretty Happy
citzen991,Pretty Happy
citzen9923,Pretty Happy
citzen9927,Pretty Happy
citzen9929,Very Happy
citzen9937,Pretty Happy
citzen9938,Pretty Happy
citzen9943,Very Happy
citzen9946,Pretty Happy
citzen9948,Very Happy
citzen9961,Pretty Happy
citzen9966,Pretty Happy
citzen9971,Very Happy
citzen9979,Pretty Happy
citzen9980,Pretty Happy
citzen9988,Pretty Happy
citzen999,Very Happy
citzen9993,Pretty Happy
citzen9998,Pretty Happy
